ARK | Intel® Product Specification Comparison
01/25/2024 11:25:15 AM
 ,Intel® Pentium® Processor E2220 ,Intel® Xeon® Processor L3110 ,Intel® Xeon® Processor L5430 ,Intel® EP80579 Integrated Processor with Intel® QuickAssist Technology, 1200 MHz ,Intel® EP80579 Integrated Processor, 1200 MHz ,Intel® EP80579 Integrated Processor with Intel® QuickAssist Technology, 1066 MHz ,Intel® EP80579 Integrated Processor, 1066 MHz ,Intel® EP80579 Integrated Processor with Intel® QuickAssist Technology, 600 MHz ,Intel® EP80579 Integrated Processor, 600 MHz ,Intel® Core™2 Extreme Processor QX9775 ,Intel® Xeon® Processor L5408 ,Intel® Xeon® Processor E5240 ,Intel® Celeron® Processor E1600 ,Intel® Core™2 Duo Processor E8300 ,Intel® Celeron® Processor E1500 ,Intel® Celeron® Processor E1400 ,Intel® Xeon® Processor L5318 ,Intel® Xeon® Processor L5240 ,Intel® Celeron® Processor 450 ,Intel® Pentium® Processor E5300 ,Intel® Core™2 Duo Processor E7200 ,Intel® Core™2 Quad Processor Q9400 ,Intel® Core™2 Quad Processor Q9650 ,Intel® Xeon® Processor E3120 ,Intel® Xeon® Processor X5470 ,Intel® Core™2 Extreme Processor X9100 ,Intel® Xeon® Processor X3330 ,Intel® Xeon® Processor X3370 ,Intel Atom® Processor Z540 ,Intel Atom® Processor Z530 ,Intel Atom® Processor Z520 ,Intel Atom® Processor Z510 ,Intel Atom® Processor Z500 ,Intel® Core™2 Duo Processor T9400 ,Intel® Core™2 Duo Processor T9600 ,Intel® Core™2 Duo Processor P9500 ,Intel® Core™2 Duo Processor P8600 ,Intel® Core™2 Duo Processor P8400 ,Intel® Core™2 Duo Processor T5800 ,Intel® Pentium® Processor T3400 ,Intel® Core™2 Duo Processor E8600 ,Intel Atom® Processor 230 ,Intel Atom® Processor 330 ,Intel Atom® Processor N270 ,Intel® Core™2 Duo Processor E7300 ,Intel® Core™2 Duo Processor E7400 ,Intel® Core™2 Duo Processor E7500 ,Intel® Core™2 Quad Processor Q8200 ,Intel® Xeon® Processor E5220 ,Intel® Xeon® Processor X5270 ,Intel® Celeron® Processor 570 ,Intel® Celeron® Processor 575 ,Intel® Celeron® Processor 585 ,Intel® Xeon® Processor L5215 ,Intel® Celeron® M Processor ULV 723 ,Intel® Core™2 Duo Processor SL9300 ,Intel® Core™2 Duo Processor SL9400 ,Intel® Core™2 Duo Processor SP9300 ,Intel® Core™2 Duo Processor SP9400 ,Intel® Core™2 Duo Processor SU9300 ,Intel® Core™2 Duo Processor SU9400 ,Intel® Core™2 Extreme Processor QX9300 ,Intel® Core™2 Solo Processor ULV SU3300 ,Intel® Core™2 Duo Processor P7450 ,Intel® Celeron® M Processor ULV 722 ,Intel® Core™2 Duo Processor P7350 ,Intel® Xeon® Processor L3014 ,Intel® Xeon® Processor X5492 ,Intel® Xeon® Processor L7445 ,Intel® Xeon® Processor L7455 ,Intel® Xeon® Processor E7430 ,Intel® Xeon® Processor E7450 ,Intel® Xeon® Processor E7440 ,Intel® Xeon® Processor E7420 ,Intel® Xeon® Processor X7460 ,Intel® Core™2 Duo Processor T9800 ,Intel® Core™2 Duo Processor P8700 ,Intel® Core™2 Quad Processor Q9100 ,Intel® Xeon® Processor E5502 ,Intel® Xeon® Processor E5503 ,Intel® Xeon® Processor E5506 ,Intel® Xeon® Processor E5507 ,Intel® Xeon® Processor E5530 ,Intel® Xeon® Processor E5540 ,Intel® Xeon® Processor X5550 ,Intel® Xeon® Processor X5560 ,Intel® Xeon® Processor X5570 ,Intel® Xeon® Processor W5580 ,Intel® Core™2 Duo Processor P7370 ,Intel® Celeron® Processor T1700 ,Intel® Core™2 Duo Processor T9550 ,Intel® Core™2 Solo Processor ULV SU3500 ,Intel® Celeron® M Processor ULV 743 ,Intel® Core™ i7-920 Processor ,Intel® Core™ i7-940 Processor ,Intel® Core™ i7-965 Processor Extreme Edition ,Intel® Core™ i7-950 Processor ,Intel® Core™ i7-960 Processor ,Intel® Core™ i7-975 Processor Extreme Edition ,Intel® Core™2 Duo Processor SL9380 ,Intel® Pentium® Processor E5200 ,Intel® Pentium® Processor T4200 ,Intel® Core™2 Duo Processor T6600 ,Intel® Celeron® Processor T3100 ,Intel® Core™2 Duo Processor SP9600 ,Intel® Core™2 Duo Processor SL9600 ,Intel® Core™2 Duo Processor SU9600 ,Intel® Core™2 Duo Processor P9600 ,Intel® Core™2 Quad Processor Q8400 ,Intel® Celeron® Processor T1600 ,Intel® Core™2 Quad Processor Q8300 ,Intel® Core™2 Duo Processor T6500 ,Intel® Core™2 Duo Processor T9900 ,Intel® Xeon® Processor W3520 ,Intel® Xeon® Processor W3540 ,Intel® Xeon® Processor W3550 ,Intel® Xeon® Processor W3565 ,Intel® Xeon® Processor W3570 ,Intel® Xeon® Processor W3580 ,Intel® Xeon® Processor E5520 ,Intel® Xeon® Processor L5520 ,Intel® Core™2 Duo Processor P8800 ,Intel® Pentium® Processor E5400 ,Intel® Core™2 Duo Processor T6400 ,Intel® Core™2 Quad Processor Q9000 ,Intel® Xeon® Processor L3360 ,Intel® Xeon® Processor E5504 ,Intel® Xeon® Processor L5506 ,Intel® Xeon® Processor L5508 ,Intel® Xeon® Processor L5518 ,Intel® Pentium® Processor T4400 ,Intel Atom® Processor Z515 ,Intel Atom® Processor Z550 ,Intel® Core™2 Quad Processor Q9400S ,Intel® Core™2 Quad Processor Q9550S ,Intel® Core™2 Quad Processor Q8200S ,Intel® Xeon® Processor X3380 ,Intel Atom® Processor Z530P ,Intel Atom® Processor Z520PT ,Intel Atom® Processor Z510P ,Intel Atom® Processor Z510PT ,Intel® Xeon® Processor W3530 ,Intel® Core™ i7-870 Processor ,Intel® Core™ i7-860 Processor ,Intel® Celeron® Processor ULV 573 ,Intel Atom® Processor N280 ,Intel® Core™ i7-930 Processor ,Intel® Pentium® Processor E6300 ,Intel® Core™2 Duo Processor E7600 ,Intel® Celeron® Processor 900 ,Intel® Xeon® Processor W5590 ,Intel® Xeon® Processor L5530 ,Intel® Core™2 Duo Processor P7550 ,Intel® Core™2 Duo Processor T6670 ,Intel® Core™2 Quad Processor Q8400S ,Intel® Core™2 Solo Processor SU3500 ,Intel® Core™2 Duo Processor P7570 ,Intel Atom® Processor N450 ,Intel® Core™2 Duo Processor P9700 ,Intel® Celeron® Processor E3200 ,Intel® Celeron® Processor E3300 ,Intel® Celeron® Processor E3400 ,Intel® Celeron® Processor SU2300 ,Intel® Itanium® Processor 9330 ,Intel® Pentium® Processor E6500 ,Intel® Pentium® Processor E6500K ,Intel® Pentium® Processor E6600 ,Intel® Core™ i5-750 Processor ,Intel® Core™2 Quad Processor Q9505 ,Intel® Core™2 Quad Processor Q9505S ,Intel® Xeon® Processor X3430 ,Intel® Xeon® Processor X3440 ,Intel® Xeon® Processor X3450 ,Intel® Xeon® Processor X3460 ,Intel® Xeon® Processor X3470 ,Intel® Core™ i7-720QM Processor ,Intel® Core™ i7-820QM Processor ,Intel® Core™ i7-920XM Processor Extreme Edition ,Intel® Xeon® Processor L3426 ,Intel Atom® Processor N470 ,Intel® Xeon® Processor E6510 ,Intel® Xeon® Processor E6540 ,Intel® Xeon® Processor E7520 ,Intel® Xeon® Processor E7530 ,Intel® Xeon® Processor E7540 ,Intel® Xeon® Processor L7545 ,Intel® Xeon® Processor L7555 ,Intel® Xeon® Processor X6550 ,Intel® Xeon® Processor X7542 ,Intel® Xeon® Processor X7550 ,Intel® Xeon® Processor X7560 ,Intel® Celeron® Processor T3300 ,Intel® Xeon® Processor EC5549 ,Intel® Xeon® Processor EC5539 ,Intel® Xeon® Processor LC5528 ,Intel® Xeon® Processor EC3539 ,Intel® Xeon® Processor LC3528 ,Intel® Xeon® Processor LC3518 ,Intel® Core™ i7-660UE Processor ,Intel® Celeron® Processor U3405 
Essentials
Product Collection,Legacy Intel® Pentium® Processor,Legacy Intel® Xeon® Processors,Legacy Intel® Xeon® Processors,Intel® EP80579 Integrated Processor,Intel® EP80579 Integrated Processor,Intel® EP80579 Integrated Processor,Intel® EP80579 Integrated Processor,Intel® EP80579 Integrated Processor,Intel® EP80579 Integrated Processor,Legacy Intel® Core™ Processors,Legacy Intel® Xeon® Processors,Legacy Intel® Xeon® Processors,Legacy Intel® Celeron® Processor,Legacy Intel® Core™ Processors,Legacy Intel® Celeron® Processor,Legacy Intel® Celeron® Processor,Legacy Intel® Xeon® Processors,Legacy Intel® Xeon® Processors,Legacy Intel® Celeron® Processor,Legacy Intel® Pentium® Processor,Legacy Intel® Core™ Processors,Legacy Intel® Core™ Processors,Legacy Intel® Core™ Processors,Legacy Intel® Xeon® Processors,Legacy Intel® Xeon® Processors,Legacy Intel® Core™ Processors,Legacy Intel® Xeon® Processors,Legacy Intel® Xeon® Processors,Legacy Intel Atom® Processors,Legacy Intel Atom® Processors,Legacy Intel Atom® Processors,Legacy Intel Atom® Processors,Legacy Intel Atom® Processors,Legacy Intel® Core™ Processors,Legacy Intel® Core™ Processors,Legacy Intel® Core™ Processors,Legacy Intel® Core™ Processors,Legacy Intel® Core™ Processors,Legacy Intel® Core™ Processors,Legacy Intel® Pentium® Processor,Legacy Intel® Core™ Processors,Legacy Intel Atom® Processors,Legacy Intel Atom® Processors,Legacy Intel Atom® Processors,Legacy Intel® Core™ Processors,Legacy Intel® Core™ Processors,Legacy Intel® Core™ Processors,Legacy Intel® Core™ Processors,Legacy Intel® Xeon® Processors,Legacy Intel® Xeon® Processors,Legacy Intel® Celeron® Processor,Legacy Intel® Celeron® Processor,Legacy Intel® Celeron® Processor,Legacy Intel® Xeon® Processors,Legacy Intel® Celeron® Processor,Legacy Intel® Core™ Processors,Legacy Intel® Core™ Processors,Legacy Intel® Core™ Processors,Legacy Intel® Core™ Processors,Legacy Intel® Core™ Processors,Legacy Intel® Core™ Processors,Legacy Intel® Core™ Processors,Legacy Intel® Core™ Processors,Legacy Intel® Core™ Processors,Legacy Intel® Celeron® Processor,Legacy Intel® Core™ Processors,Legacy Intel® Xeon® Processors,Legacy Intel® Xeon® Processors,Legacy Intel® Xeon® Processors,Legacy Intel® Xeon® Processors,Legacy Intel® Xeon® Processors,Legacy Intel® Xeon® Processors,Legacy Intel® Xeon® Processors,Legacy Intel® Xeon® Processors,Legacy Intel® Xeon® Processors,Legacy Intel® Core™ Processors,Legacy Intel® Core™ Processors,Legacy Intel® Core™ Processors,Legacy Intel® Xeon® Processors,Legacy Intel® Xeon® Processors,Legacy Intel® Xeon® Processors,Legacy Intel® Xeon® Processors,Legacy Intel® Xeon® Processors,Legacy Intel® Xeon® Processors,Legacy Intel® Xeon® Processors,Legacy Intel® Xeon® Processors,Legacy Intel® Xeon® Processors,Legacy Intel® Xeon® Processors,Legacy Intel® Core™ Processors,Legacy Intel® Celeron® Processor,Legacy Intel® Core™ Processors,Legacy Intel® Core™ Processors,Legacy Intel® Celeron® Processor,Legacy Intel® Core™ Processors,Legacy Intel® Core™ Processors,Legacy Intel® Core™ Processors,Legacy Intel® Core™ Processors,Legacy Intel® Core™ Processors,Legacy Intel® Core™ Processors,Legacy Intel® Core™ Processors,Legacy Intel® Pentium® Processor,Legacy Intel® Pentium® Processor,Legacy Intel® Core™ Processors,Legacy Intel® Celeron® Processor,Legacy Intel® Core™ Processors,Legacy Intel® Core™ Processors,Legacy Intel® Core™ Processors,Legacy Intel® Core™ Processors,Legacy Intel® Core™ Processors,Legacy Intel® Celeron® Processor,Legacy Intel® Core™ Processors,Legacy Intel® Core™ Processors,Legacy Intel® Core™ Processors,Legacy Intel® Xeon® Processors,Legacy Intel® Xeon® Processors,Legacy Intel® Xeon® Processors,Legacy Intel® Xeon® Processors,Legacy Intel® Xeon® Processors,Legacy Intel® Xeon® Processors,Legacy Intel® Xeon® Processors,Legacy Intel® Xeon® Processors,Legacy Intel® Core™ Processors,Legacy Intel® Pentium® Processor,Legacy Intel® Core™ Processors,Legacy Intel® Core™ Processors,Legacy Intel® Xeon® Processors,Legacy Intel® Xeon® Processors,Legacy Intel® Xeon® Processors,Legacy Intel® Xeon® Processors,Legacy Intel® Xeon® Processors,Legacy Intel® Pentium® Processor,Legacy Intel Atom® Processors,Legacy Intel Atom® Processors,Legacy Intel® Core™ Processors,Legacy Intel® Core™ Processors,Legacy Intel® Core™ Processors,Legacy Intel® Xeon® Processors,Legacy Intel Atom® Processors,Legacy Intel Atom® Processors,Legacy Intel Atom® Processors,Legacy Intel Atom® Processors,Legacy Intel® Xeon® Processors,Legacy Intel® Core™ Processors,Legacy Intel® Core™ Processors,Legacy Intel® Celeron® Processor,Legacy Intel Atom® Processors,Legacy Intel® Core™ Processors,Legacy Intel® Pentium® Processor,Legacy Intel® Core™ Processors,Legacy Intel® Celeron® Processor,Legacy Intel® Xeon® Processors,Legacy Intel® Xeon® Processors,Legacy Intel® Core™ Processors,Legacy Intel® Core™ Processors,Legacy Intel® Core™ Processors,Legacy Intel® Core™ Processors,Legacy Intel® Core™ Processors,Legacy Intel Atom® Processors,Legacy Intel® Core™ Processors,Legacy Intel® Celeron® Processor,Legacy Intel® Celeron® Processor,Legacy Intel® Celeron® Processor,Legacy Intel® Celeron® Processor,Intel® Itanium® Processor 9300 Series,Legacy Intel® Pentium® Processor,Legacy Intel® Pentium® Processor,Legacy Intel® Pentium® Processor,Legacy Intel® Core™ Processors,Legacy Intel® Core™ Processors,Legacy Intel® Core™ Processors,Legacy Intel® Xeon® Processors,Legacy Intel® Xeon® Processors,Legacy Intel® Xeon® Processors,Legacy Intel® Xeon® Processors,Legacy Intel® Xeon® Processors,Legacy Intel® Core™ Processors,Legacy Intel® Core™ Processors,Legacy Intel® Core™ Processors,Legacy Intel® Xeon® Processors,Legacy Intel Atom® Processors,Legacy Intel® Xeon® Processors,Legacy Intel® Xeon® Processors,Legacy Intel® Xeon® Processors,Legacy Intel® Xeon® Processors,Legacy Intel® Xeon® Processors,Legacy Intel® Xeon® Processors,Legacy Intel® Xeon® Processors,Legacy Intel® Xeon® Processors,Legacy Intel® Xeon® Processors,Legacy Intel® Xeon® Processors,Legacy Intel® Xeon® Processors,Legacy Intel® Celeron® Processor,Legacy Intel® Xeon® Processors,Legacy Intel® Xeon® Processors,Legacy Intel® Xeon® Processors,Legacy Intel® Xeon® Processors,Legacy Intel® Xeon® Processors,Legacy Intel® Xeon® Processors,Legacy Intel® Core™ Processors,Legacy Intel® Celeron® Processor
Vertical Segment,Desktop,Server,Server,Embedded,Embedded,Embedded,Embedded,Embedded,Embedded,Desktop,Embedded,Embedded,Desktop,Desktop,Desktop,Desktop,Server,Server,Desktop,Desktop,Desktop,Desktop,Desktop,Server,Server,Mobile,Server,Server,Mobile,Mobile,Mobile,Mobile,Mobile,Mobile,Mobile,Mobile,Mobile,Mobile,Mobile,Mobile,Desktop,Desktop,Desktop,Mobile,Desktop,Desktop,Desktop,Desktop,Server,Server,Mobile,Mobile,Mobile,Server,Mobile,Mobile,Mobile,Mobile,Mobile,Mobile,Mobile,Mobile,Mobile,Mobile,Mobile,Mobile,Embedded,Server,Server,Server,Server,Server,Server,Server,Server,Mobile,Mobile,Mobile,Server,Server,Server,Server,Server,Server,Server,Server,Server,Server,Mobile,Mobile,Mobile,Mobile,Mobile,Desktop,Desktop,Desktop,Desktop,Desktop,Desktop,Mobile,Desktop,Mobile,Mobile,Mobile,Mobile,Mobile,Mobile,Mobile,Desktop,Mobile,Desktop,Mobile,Mobile,Server,Server,Server,Server,Server,Server,Server,Server,Mobile,Desktop,Mobile,Mobile,Server,Server,Server,Embedded,Embedded,Mobile,Mobile,Mobile,Desktop,Desktop,Desktop,Server,Mobile,Mobile,Mobile,Mobile,Server,Desktop,Desktop,Mobile,Mobile,Desktop,Desktop,Desktop,Mobile,Server,Server,Mobile,Mobile,Desktop,Mobile,Mobile,Mobile,Mobile,Desktop,Desktop,Desktop,Mobile,Server,Desktop,Desktop,Desktop,Desktop,Desktop,Desktop,Server,Server,Server,Server,Server,Mobile,Mobile,Mobile,Server,Mobile,Server,Server,Server,Server,Server,Server,Server,Server,Server,Server,Server,Mobile,Embedded,Embedded,Embedded,Embedded,Embedded,Embedded,Mobile,Mobile
Processor Number,E2220,L3110,L5430,,,,,,,QX9775,L5408,E5240,E1600,E8300,E1500,E1400,L5318,L5240,450,E5300,E7200,Q9400,Q9650,E3120,X5470,X9100,X3330,X3370,Z540,Z530,Z520,Z510,Z500,T9400,T9600,P9500,P8600,P8400,T5800,T3400,E8600,230,330,N270,E7300,E7400,E7500,Q8200,E5220,X5270,570,575,585,L5215,723,SL9300,SL9400,SP9300,SP9400,SU9300,SU9400,QX9300,SU3300,P7450,722,P7350,L3014,X5492,L7445,L7455,E7430,E7450,E7440,E7420,X7460,T9800,P8700,Q9100,E5502,E5503,E5506,E5507,E5530,E5540,X5550,X5560,X5570,W5580,P7370,T1700,T9550,SU3500,743,i7-920,i7-940,i7-965,i7-950,i7-960,i7-975,SL9380,E5200,T4200,T6600,T3100,SP9600,SL9600,SU9600,P9600,Q8400,T1600,Q8300,T6500,T9900,W3520,W3540,W3550,W3565,W3570,W3580,E5520,L5520,P8800,E5400,T6400,Q9000,L3360,E5504,L5506,L5508,L5518,T4400,Z515,Z550,Q9400S,Q9550S,Q8200S,X3380,Z530P,Z520PT,Z510P,Z510PT,W3530,i7-870,i7-860,573,N280,i7-930,E6300,E7600,900,W5590,L5530,P7550,T6670,Q8400S,SU3500,P7570,N450,P9700,E3200,E3300,E3400,SU2300,9330,E6500,E6500K,E6600,i5-750,Q9505,Q9505S,X3430,X3440,X3450,X3460,X3470,i7-720QM,i7-820QM,i7-920XM,L3426,N470,E6510,E6540,E7520,E7530,E7540,L7545,L7555,X6550,X7542,X7550,X7560,T3300,EC5549,EC5539,LC5528,EC3539,LC3528,LC3518,i7-660UE,U3405
Lithography,65 nm,45 nm,45 nm,90 nm,90 nm,90 nm,90 nm,,,45 nm,45 nm,45 nm,65 nm,45 nm,65 nm,65 nm,65 nm,45 nm,65 nm,45 nm,45 nm,45 nm,45 nm,45 nm,45 nm,45 nm,45 nm,45 nm,45 nm,45 nm,45 nm,45 nm,45 nm,45 nm,45 nm,45 nm,45 nm,45 nm,65 nm,65 nm,45 nm,45 nm,45 nm,45 nm,45 nm,45 nm,45 nm,45 nm,45 nm,45 nm,65 nm,65 nm,65 nm,45 nm,45 nm,45 nm,45 nm,45 nm,45 nm,45 nm,45 nm,45 nm,45 nm,45 nm,45 nm,45 nm,45 nm,45 nm,45 nm,45 nm,45 nm,45 nm,45 nm,45 nm,45 nm,45 nm,45 nm,45 nm,45 nm,45 nm,45 nm,45 nm,45 nm,45 nm,45 nm,45 nm,45 nm,45 nm,45 nm,65 nm,45 nm,45 nm,45 nm,45 nm,45 nm,45 nm,45 nm,45 nm,45 nm,45 nm,45 nm,45 nm,45 nm,45 nm,45 nm,45 nm,45 nm,45 nm,45 nm,65 nm,45 nm,45 nm,45 nm,45 nm,45 nm,45 nm,45 nm,45 nm,45 nm,45 nm,45 nm,45 nm,45 nm,45 nm,45 nm,45 nm,45 nm,45 nm,45 nm,45 nm,45 nm,45 nm,45 nm,45 nm,45 nm,45 nm,45 nm,45 nm,45 nm,45 nm,45 nm,45 nm,45 nm,45 nm,65 nm,45 nm,45 nm,45 nm,45 nm,45 nm,45 nm,45 nm,45 nm,45 nm,45 nm,45 nm,45 nm,45 nm,45 nm,45 nm,45 nm,45 nm,45 nm,65 nm,45 nm,45 nm,45 nm,45 nm,45 nm,45 nm,45 nm,45 nm,45 nm,45 nm,45 nm,45 nm,45 nm,45 nm,45 nm,45 nm,,45 nm,45 nm,45 nm,45 nm,45 nm,45 nm,45 nm,45 nm,45 nm,45 nm,45 nm,45 nm,45 nm,45 nm,45 nm,45 nm,45 nm,32 nm,32 nm
Use Conditions,,,,,,,,,,,Communications,Communications,,,,,,,,PC/Client/Tablet,,PC/Client/Tablet,,,,,,,,PC/Client/Tablet,,PC/Client/Tablet,,PC/Client/Tablet,,,,PC/Client/Tablet,,,,,,PC/Client/Tablet,,PC/Client/Tablet,,,Communications,,,,,,PC/Client/Tablet,,PC/Client/Tablet,PC/Client/Tablet,,PC/Client/Tablet,,,,,PC/Client/Tablet,,,,,,,,,,,,,,,,,,,Server/Enterprise,,,,,,,,,,,,,,,,Communications,,,,PC/Client/Tablet,,,,,,,,,,,,,,,,,,,,,,,Server/Enterprise,,Communications,Communications,,,,,,,,Communications,Communications,Communications,Communications,,,Server/Enterprise,,,,,,,,,,,,,,PC/Client/Tablet,,,,PC/Client/Tablet,,,PC/Client/Tablet,,,Server/Enterprise,,,Server/Enterprise,,Server/Enterprise,,,,,,,,,,,,,,,,,,,,Communications,Communications,Communications,Communications,Communications,Communications,Embedded Broad Market Commercial Temp |  PC/Client/Tablet,Embedded Broad Market Commercial Temp |  PC/Client/Tablet
Recommended Customer Price,,$243.00,$601.00,,,,,,,,,,$58.00,,$47.00,,,,,$62.00-$72.00,,$180.00-$200.00,$339.00,,$1467.00,,$202.00,$339.00,,$65.00,,$20.00,,$250.00-$331.00,,$364.00,$211.00,$199.00-$211.00,,,$285.00,,,,$117.00,$110.00-$125.00,$125.00,$179.00,$317.00,,,,,,,,,,,$245.00,,,,,$161.00,,,,,,,,,,,,,,,,,,,$940.00,,,,,,,,,,$305.00,$555.00,$990.00,$305.00,$305.00,$1059.00,$247.00,$72.00,,,$62.00,,,,,$179.00,,$179.00,,,$305.00,$594.00,$305.00,$305.00,$1059.00,$1059.00,,,$253.00,$67.00,,$364.00,$340.00,,,,$504.00,,,,$254.00,$340.00,$232.00,$562.00,$65.00,$50.00,$20.00,,$305.00,$305.00,$305.00,,,$305.00,$77.00,$147.00,,,,,,$232.00,,,,,$47.00,$47.00,$42.00,,$2059.00,$68.00-$75.00,,$75.00,$193.00-$213.00,$234.00,,$203.00,$230.00,$261.00,$328.00-$339.00,$339.00,$380.00,,,$305.00,,,,,,,,,,,,,,$503.00,$417.00,$493.00,,,$221.00,,

Performance Specifications
Total Cores,2,2,4,,,,,,,4,4,2,2,2,2,2,4,2,1,2,2,4,4,2,4,2,4,4,1,1,1,1,1,2,2,2,2,2,2,2,2,1,2,1,2,2,2,4,2,2,1,1,1,2,1,2,2,2,2,2,2,4,1,2,1,2,1,4,4,6,4,6,4,4,6,2,2,4,,,,,,,,,,,2,2,2,1,1,,,,,,,2,2,2,2,2,2,2,2,2,4,2,4,2,2,,,,,,,,,2,2,2,4,4,,,,,2,1,1,4,4,4,4,1,1,1,1,,,,1,1,,2,2,1,,,2,2,4,1,2,,2,2,2,2,2,,2,2,2,,4,4,,,,,,,,,,,,,,,,,,,,,,2,,,,,,,,
Processor Base Frequency,2.40 GHz,3.00 GHz,2.66 GHz,,,,,,,3.20 GHz,2.13 GHz,3.00 GHz,2.40 GHz,2.83 GHz,2.20 GHz,2.00 GHz,1.60 GHz,3.00 GHz,2.20 GHz,2.60 GHz,2.53 GHz,2.66 GHz,3.00 GHz,3.16 GHz,3.33 GHz,3.06 GHz,2.66 GHz,3.00 GHz,1.86 GHz,1.60 GHz,1.33 GHz,1.10 GHz,800 MHz,2.53 GHz,2.80 GHz,2.53 GHz,2.40 GHz,2.26 GHz,2.00 GHz,2.16 GHz,3.33 GHz,1.60 GHz,1.60 GHz,1.60 GHz,2.66 GHz,2.80 GHz,2.93 GHz,2.33 GHz,2.33 GHz,3.50 GHz,2.26 GHz,2.00 GHz,2.16 GHz,1.86 GHz,1.20 GHz,1.60 GHz,1.86 GHz,2.26 GHz,2.40 GHz,1.20 GHz,1.40 GHz,2.53 GHz,1.20 GHz,2.13 GHz,1.20 GHz,2.00 GHz,2.40 GHz,3.40 GHz,2.13 GHz,2.13 GHz,2.13 GHz,2.40 GHz,2.40 GHz,2.13 GHz,2.66 GHz,2.93 GHz,2.53 GHz,2.26 GHz,,,,,,,,,,,2.00 GHz,1.83 GHz,2.66 GHz,1.40 GHz,1.30 GHz,,,,,,,1.80 GHz,2.50 GHz,2.00 GHz,2.20 GHz,1.90 GHz,2.53 GHz,2.13 GHz,1.60 GHz,2.66 GHz,2.66 GHz,1.66 GHz,2.50 GHz,2.10 GHz,3.06 GHz,,,,,,,,,2.66 GHz,2.70 GHz,2.00 GHz,2.00 GHz,2.83 GHz,,,,,2.20 GHz,1.20 GHz,2.00 GHz,2.66 GHz,2.83 GHz,2.33 GHz,3.16 GHz,1.60 GHz,1.33 GHz,1.10 GHz,1.10 GHz,,,,1.00 GHz,1.66 GHz,,2.80 GHz,3.06 GHz,2.20 GHz,,,2.26 GHz,2.20 GHz,2.66 GHz,1.30 GHz,2.26 GHz,,2.80 GHz,2.40 GHz,2.50 GHz,2.60 GHz,1.20 GHz,,2.93 GHz,2.93 GHz,3.06 GHz,,2.83 GHz,2.83 GHz,,,,,,,,,,,,,,,,,,,,,,2.00 GHz,,,,,,,,
Cache,1 MB L2 Cache,6 MB L2 Cache,12 MB L2 Cache,,,,,,,12 MB L2 Cache,12 MB L2 Cache,6 MB L2 Cache,512 KB L2 Cache,6 MB L2 Cache,512 KB L2 Cache,512 KB L2 Cache,8 MB L2 Cache,6 MB L2 Cache,512 KB L2 Cache,2 MB L2 Cache,3 MB L2 Cache,6 MB L2 Cache,12 MB L2 Cache,6 MB L2 Cache,12 MB L2 Cache,6 MB L2 Cache,6 MB L2 Cache,12 MB L2 Cache,512 KB L2 Cache,512 KB L2 Cache,512 KB L2 Cache,512 KB L2 Cache,512 KB L2 Cache,6 MB L2 Cache,6 MB L2 Cache,6 MB L2 Cache,3 MB L2 Cache,3 MB L2 Cache,2 MB L2 Cache,1 MB L2 Cache,6 MB L2 Cache,512 KB L2 Cache,1 MB L2 Cache,512 KB L2 Cache,3 MB L2 Cache,3 MB L2 Cache,3 MB L2 Cache,4 MB L2 Cache,6 MB L2 Cache,6 MB L2 Cache,1 MB L2 Cache,1 MB L2 Cache,1 MB L2 Cache,6 MB L2 Cache,1 MB L2 Cache,6 MB L2 Cache,6 MB L2 Cache,6 MB L2 Cache,6 MB L2 Cache,3 MB L2 Cache,3 MB L2 Cache,12 MB L2 Cache,3 MB L2 Cache,3 MB L2 Cache,1 MB L2 Cache,3 MB L2 Cache,3 MB L2 Cache,12 MB L2 Cache,12 MB L2 Cache,12 MB L2 Cache,12 MB L2 Cache,12 MB L3 Cache,16 MB L2 Cache,8 MB L2 Cache,16 MB L2 Cache,6 MB L2 Cache,3 MB L2 Cache,12 MB L2 Cache,,,,,,,,,,,3 MB L2 Cache,1 MB L2 Cache,6 MB L2 Cache,3 MB L2 Cache,1 MB L2 Cache,,,,,,,6 MB L2 Cache,2 MB L2 Cache,1 MB L2 Cache,2 MB L2 Cache,1 MB L2 Cache,6 MB L2 Cache,6 MB L2 Cache,3 MB L2 Cache,6 MB L2 Cache,4 MB L2 Cache,1 MB L2 Cache,4 MB L2 Cache,2 MB L2 Cache,6 MB L2 Cache,,,,,,,,,3 MB L2 Cache,2 MB L2 Cache,2 MB L2 Cache,6 MB L2 Cache,12 MB L2 Cache,,,,,1 MB L2 Cache,512 KB L2 Cache,512 KB L2 Cache,6 MB L2 Cache,12 MB L2 Cache,4 MB L2 Cache,12 MB L2 Cache,512 KB L2 Cache,512 KB L2 Cache,512 KB L2 Cache,512 KB L2 Cache,,,,512 KB L2 Cache,512 KB L2 Cache,,2 MB L2 Cache,3 MB L2 Cache,1 MB L2 Cache,,,3 MB L2 Cache,2 MB L2 Cache,4 MB L2 Cache,3 MB,3 MB L2 Cache,,6 MB L2 Cache,1 MB L2 Cache,1 MB L2 Cache,1 MB Intel® Smart Cache,1 MB,,2 MB L2 Cache,2 MB,2 MB Intel® Smart Cache,,6 MB L2 Cache,6 MB L2 Cache,,,,,,,,,,,,,,,,,,,,,,1 MB,,,,,,,,
Bus Speed,800 MHz,1333 MHz,1333 MHz,,,,,,,1600 MHz,1066 MHz,1333 MHz,800 MHz,1333 MHz,800 MHz,800 MHz,1066 MHz,1333 MHz,800 MHz,800 MHz,1066 MHz,1333 MHz,1333 MHz,1333 MHz,1333 MHz,1066 MHz,1333 MHz,1333 MHz,533 MHz,533 MHz,533 MHz,400 MHz,400 MHz,1066 MHz,1066 MHz,1066 MHz,1066 MHz,1066 MHz,800 MHz,667 MHz,1333 MHz,533 MHz,533 MHz,533 MHz,1066 MHz,1066 MHz,1066 MHz,1333 MHz,1333 MHz,1333 MHz,533 MHz,667 MHz,667 MHz,1066 MHz,800 MHz,1066 MHz,1066 MHz,1066 MHz,1066 MHz,800 MHz,800 MHz,1066 MHz,800 MHz,1066 MHz,800 MHz,1066 MHz,1066 MHz,1600 MHz,1066 MHz,1066 MHz,1066 MHz,1066 MHz,1066 MHz,1066 MHz,1066 MHz,1066 MHz,1066 MHz,1066 MHz,,,,,,,,,,,1066 MHz,667 MHz,1066 MHz,800 MHz,800 MHz,,,,,,,800 MHz,800 MHz,800 MHz,800 MHz,800 MHz,1066 MHz,1066 MHz,800 MHz,1066 MHz,1333 MHz,667 MHz,1333 MHz,800 MHz,1066 MHz,,,,,,,,,1066 MHz,800 MHz,800 MHz,1066 MHz,1333 MHz,,,,,800 MHz,400 MHz,533 MHz,1333 MHz,1333 MHz,1333 MHz,1333 MHz,533 MHz,533 MHz,400 MHz,400 MHz,,,,533 MHz,667 MHz,,1066 MHz,1066 MHz,800 MHz,,,1066 MHz,800 MHz,1333 MHz,800 MHz,1066 MHz,,1066 MHz,800 MHz,800 MHz,800 MHz,800 MHz,,1066 MHz,1066 MHz,1066 MHz,,1333 MHz,1333 MHz,,,,,,,,,,,,,,,,,,,,,,800 MHz,,,,,,,,
FSB Parity,No,,Yes,,,,,,,No,No,No,No,No,No,No,No,No,No,No,No,No,No,No,Yes,No,No,No,No,No,No,No,No,No,No,No,No,No,No,No,No,No,No,No,No,No,No,No,No,No,No,No,No,Yes,No,No,No,No,No,No,No,No,No,No,No,No,Yes,Yes,Yes,Yes,Yes,Yes,Yes,Yes,Yes,No,No,No,,,,,,,,,,,No,No,No,No,,,,,,,,No,No,No,No,No,No,No,No,No,No,,No,,,,,,,,,,,,,,No,,,,,,,No,No,No,Yes,No,No,No,No,No,No,,,,,,,,No,,,,,,,No,No,,,,,,,,,,,,,,,,,,,,,,,,,,,,,,,,,,,,,,,,,,,
TDP,65 W,45 W,50 W,,,,,,,150 W,40 W,65 W,65 W,65 W,65 W,65 W,40 W,40 W,35 W,65 W,65 W,95 W,95 W,65 W,120 W,44 W,95 W,95 W,2.4 W,2 W,2 W,2 W,0.65 W,35 W,35 W,25 W,25 W,25 W,35 W,35 W,65 W,4 W,8 W,2.5 W,65 W,65 W,65 W,95 W,65 W,80 W,31 W,31 W,31 W,20 W,10 W,17 W,17 W,25 W,25 W,10 W,10 W,45 W,5.5 W,25 W,5.5 W,25 W,30 W,150 W,50 W,65 W,90 W,90 W,90 W,90 W,130 W,35 W,25 W,45 W,,,,,,,,,,,25 W,35 W,35 W,5.5 W,10 W,,,,,,,17 W,65 W,35 W,35 W,35 W,25 W,17 W,10 W,25 W,95 W,35 W,95 W,35 W,35 W,,,,,,,,,25 W,65 W,35 W,45 W,65 W,,,,,35 W,1.4 W,2.4 W,65 W,65 W,65 W,95 W,2.2 W,2.2 W,2.2 W,2.2 W,,,,10 W,2.5 W,,65 W,65 W,35 W,,,25 W,35 W,65 W,5.5 W,25 W,,28 W,65 W,65 W,65 W,10 W,,65 W,65 W,65 W,,95 W,65 W,,,,,,,,,,,,,,,,,,,,,,35 W,,,,,,,,
VID Voltage Range,0.8500V-1.5V,0.8500V-1.3625V,0.850V-1.3500V,,,,,,,0.850V-1.3500V,0.850V-1.3500V,0.8500V-1.3500V,0.8500V-1.5V,0.8500V-1.3625V,0.8500V-1.5V,0.8500V-1.5V,0.9000V-1.2500V,0.8500V-1.3500V,1.0000V-1.3375V,0.8500V-1.3625V,0.8500V-1.3625V,0.8500V-1.3625V,0.8500V-1.3625V,,0.850V-1.3500V,1.05-1.2625V,0.8500V-13625V,0.8500V-1.3625V,0.75 -1.1V,0.75 -1.1V,0.75-1.1V,0.75-1.1V,0.80 -1.10V,1.050V-1.162V,1.05V-1.2125V,,1.050V-1.150V,1.050V-1.150V,1.075V-1.175V,1.075V-1.175V,0.8500V-1.3625V,0.9V-1.1625V,0.9V-1.1625V,0.9V-1.1625V,0.8500V-1.3625V,0.8500V-1.3625V,0.8500V-1.3625V,0.8500V-1.3625V,0.8500V-1.3500V,0.8500V-1.3500V,,0.95-1.30V,0.95-1.30V,0.8500V-1.3500V,1.050V-1.150V,,1.050V - 1.150V,1.050V - 1.150V,,1.050V-1.150V,1.050V-1.150V,1.050V-1.175V,1.050V-1.150V,1.050V-1.150V,0.775V - 1.1V,1.062V-1.150V,,0.850V-1.3500V,0.9000V-1.4500V,0.9000V-1.4500V,0.900V-1.450V,0.900V-1.450V,0.900V-1.450V,0.900V-1.450V,0.9000V-1.4500V,,1.00V - 1.25V,1.050V-1.175V,,,,,,,,,,,1.00V-1.25V,1.075V-1.175V,1.050V-1.212V,1.050V-1.150V,,,,,,,,1.050V-1.150V,0.8500V-1.3625V,,1.00V-1.250V,1.00V-1.250V,1.050V-1.150V,1.050V-1.150V,1.050V-1.150V,1.050V-1.212V,0.8500V-1.3625V,1.075V-1.175V,0.8500V-1.3625V,,1.050V-1.2125V,,,,,,,,,1.00V-1.25V,0.8500V-1.3625V,1.000V-1.250V,1.050V-1.175V,0.8500V-1.3625V,,,,,,,,0.8500V-1.3625V,0.8500V-1.3625V,0.8500V-1.3625V,0.8500V-1.3625V,0.8V-1.1V,0.9V-1.1V,0.8V-1.1V,0.75V-1.1V,,,,0.80V-0.975V,0.9V-1.1625V,,0.8500V-1.3625V,0.8500V-1.3625V,,,,,,0.8500V-1.3625V,1.050V-1.150V,,,1.012V-1.175V,0.8500V-1.3625V,0.8500V-1.3625V,0.8500V-1.3625V,,,0.8500V – 1.3625V,0.85V – 1.3625V,0.8500V – 1.3625V,,0.8500V-1.3625V,0.8500V-1.3625V,,,,,,,,,,,,,,,,,,,,,,,,,,,,,,
Scenario Design Power (SDP),,,,,,,,,,,,,,,,,,,,,,,,,,,,,0.96 W,0.96 W,0.96 W,0.96 W,0.96 W,,,,,,,,,,,,,,,,,,,,,,,,,,,,,,,,,,,,,,,,,,,,,,,,,,,,,,,,,,,,,,,,,,,,,,,,,,,,,,,,,,,,,,,,,,,,,,,,,,,,,,,,,,,,,,,,,,,,,,,,,,,,,,,,,,,,,,,,,,,,,,,,,,,,,,,,,,,,,,,,,,,,,,,

Supplemental Information
Marketing Status,Discontinued,Discontinued,Discontinued,Discontinued,Discontinued,Discontinued,Discontinued,Discontinued,Discontinued,Discontinued,Discontinued,Discontinued,Discontinued,Discontinued,Discontinued,Discontinued,Discontinued,Discontinued,Discontinued,Discontinued,Discontinued,Discontinued,Discontinued,Discontinued,Discontinued,Discontinued,Discontinued,Discontinued,Discontinued,Discontinued,Discontinued,Discontinued,Discontinued,Discontinued,Discontinued,Discontinued,Discontinued,Discontinued,Discontinued,Discontinued,Discontinued,Discontinued,Discontinued,Discontinued,Discontinued,Discontinued,Discontinued,Discontinued,Discontinued,Discontinued,Discontinued,Discontinued,Discontinued,Discontinued,Discontinued,Discontinued,Discontinued,Discontinued,Discontinued,Discontinued,Discontinued,Discontinued,Discontinued,Discontinued,Discontinued,Discontinued,Discontinued,Discontinued,Discontinued,Discontinued,Discontinued,Discontinued,Discontinued,Discontinued,Discontinued,Discontinued,Discontinued,Discontinued,Discontinued,Discontinued,Discontinued,Discontinued,Discontinued,Discontinued,Discontinued,Discontinued,Discontinued,Discontinued,Discontinued,Discontinued,Discontinued,Discontinued,Discontinued,Discontinued,Discontinued,Discontinued,Discontinued,Discontinued,Discontinued,Discontinued,Discontinued,Discontinued,Discontinued,Discontinued,Discontinued,Discontinued,Discontinued,Discontinued,Discontinued,Discontinued,Discontinued,Discontinued,Discontinued,Discontinued,Discontinued,Discontinued,Discontinued,Discontinued,Discontinued,Discontinued,Discontinued,Discontinued,Discontinued,Discontinued,Discontinued,Discontinued,Discontinued,Discontinued,Discontinued,Discontinued,Discontinued,Discontinued,Discontinued,Discontinued,Discontinued,Discontinued,Discontinued,Discontinued,Discontinued,Discontinued,Discontinued,Discontinued,Discontinued,Discontinued,Discontinued,Discontinued,Discontinued,Discontinued,Discontinued,Discontinued,Discontinued,Discontinued,Discontinued,Discontinued,Discontinued,Discontinued,Discontinued,Discontinued,Discontinued,Discontinued,Discontinued,Discontinued,Discontinued,Discontinued,Discontinued,Discontinued,Discontinued,Discontinued,Discontinued,Discontinued,Discontinued,Discontinued,Discontinued,Discontinued,Discontinued,Discontinued,Discontinued,Discontinued,Discontinued,Discontinued,Discontinued,Discontinued,Discontinued,Discontinued,Discontinued,Discontinued,Discontinued,Discontinued,Discontinued,Discontinued,Discontinued,Discontinued,Discontinued,Discontinued,Discontinued,Discontinued,Discontinued,Discontinued,Discontinued,Discontinued
Launch Date,Q1'08,Q1'09,Q3'08,Q3'08,Q3'08,Q3'08,Q3'08,Q3'08,Q3'08,Q1'08,Q1'08,Q1'08,Q2'09,Q2'08,Q3'06,Q2'08,Q1'07,Q2'08,Q3'08,Q1'08,Q2'08,Q3'08,Q3'08,Q3'08,Q3'08,Q3'08,Q3'08,Q3'08,Q2'08,Q2'08,Q2'08,Q2'08,Q2'08,Q3'08,Q3'08,Q3'08,Q3'08,Q3'08,Q4'08,Q4'08,Q3'08,Q2'08,Q3'08,Q2'08,Q3'08,Q1'08,Q1'09,Q3'08,Q1'08,Q3'08,Q2'08,Q3'06,Q3'08,Q3'08,Q3'08,Q3'08,Q3'08,Q3'08,Q3'08,Q3'08,Q3'08,Q3'08,Q3'08,Q1'09,Q3'08,Q3'08,Q1'08,Q3'08,Q3'08,Q3'08,Q3'08,Q3'08,Q3'08,Q3'08,Q3'08,Q4'08,Q4'08,Q3'08,Q1'09,Q1'10,Q1'09,Q1'10,Q1'09,Q1'09,Q1'09,Q1'09,Q1'09,Q1'09,Q4'08,Q4'08,Q4'08,Q2'09,Q3'09,Q4'08,Q4'08,Q4'08,Q2'09,Q4'09,Q2'09,Q3'08,Q3'08,Q1'09,Q1'09,Q3'08,Q1'09,Q1'09,Q1'09,Q4'08,Q2'09,Q4'08,Q4'08,Q2'09,Q2'09,Q1'09,Q1'09,Q3'09,Q4'09,Q1'09,Q3'09,Q1'09,Q1'09,Q2'09,Q1'09,Q1'09,Q1'09,Q1'09,Q1'09,Q1'09,Q1'09,Q1'09,Q4'09,Q2'09,Q2'09,Q1'09,Q1'09,Q1'09,Q1'09,Q2'08,Q2'08,Q2'08,Q2'08,Q1'10,Q3'09,Q3'09,Q3'06,Q1'09,Q1'10,Q2'09,Q2'09,Q1'09,Q3'09,Q3'09,Q3'09,Q3'09,Q2'09,Q2'09,Q3'09,Q1'10,Q2'09,Q3'09,Q3'09,Q1'10,Q3'09,Q1'10,Q1'08,Q3'09,Q1'10,Q3'09,Q3'09,Q3'09,Q3'09,Q3'09,Q3'09,Q3'09,Q3'09,Q3'09,Q3'09,Q3'09,Q3'09,Q1'10,Q1'10,Q1'10,Q1'10,Q1'10,Q1'10,Q1'10,Q1'10,Q1'10,Q1'10,Q1'10,Q1'10,Q1'10,Q1'10,Q1'10,Q1'10,Q1'10,Q1'10,Q1'10,Q1'10,Q1'10
Servicing Status,End of Servicing Updates,End of Servicing Lifetime,End of Servicing Lifetime,,,,,,,End of Servicing Lifetime,End of Servicing Lifetime,End of Servicing Lifetime,End of Servicing Lifetime,End of Servicing Lifetime,End of Servicing Lifetime,End of Servicing Lifetime,End of Servicing Lifetime,End of Servicing Lifetime,End of Servicing Lifetime,End of Servicing Updates,End of Servicing Lifetime,End of Servicing Lifetime,End of Servicing Lifetime,End of Servicing Lifetime,End of Servicing Lifetime,End of Servicing Updates,End of Servicing Lifetime,End of Servicing Lifetime,End of Servicing Lifetime,End of Servicing Lifetime,End of Servicing Lifetime,End of Servicing Lifetime,End of Servicing Lifetime,End of Servicing Updates,End of Servicing Updates,End of Servicing Updates,End of Servicing Updates,End of Servicing Updates,End of Servicing Updates,End of Servicing Updates,End of Servicing Lifetime,End of Servicing Lifetime,End of Servicing Lifetime,End of Servicing Lifetime,End of Servicing Lifetime,End of Servicing Lifetime,End of Servicing Lifetime,End of Servicing Lifetime,End of Servicing Lifetime,End of Servicing Lifetime,End of Servicing Lifetime,End of Servicing Lifetime,End of Servicing Lifetime,End of Servicing Lifetime,End of Servicing Lifetime,End of Servicing Updates,End of Servicing Updates,End of Servicing Updates,End of Servicing Updates,End of Servicing Updates,End of Servicing Updates,End of Servicing Updates,End of Servicing Updates,End of Servicing Updates,End of Servicing Lifetime,End of Servicing Updates,End of Servicing Lifetime,End of Servicing Lifetime,End of Servicing Lifetime,End of Servicing Lifetime,End of Servicing Lifetime,End of Servicing Lifetime,End of Servicing Lifetime,End of Servicing Lifetime,End of Servicing Lifetime,End of Servicing Updates,End of Servicing Updates,End of Servicing Updates,End of Servicing Lifetime,End of Servicing Lifetime,End of Servicing Lifetime,End of Servicing Lifetime,End of Servicing Lifetime,End of Servicing Lifetime,End of Servicing Lifetime,End of Servicing Lifetime,End of Servicing Lifetime,End of Servicing Lifetime,End of Servicing Updates,End of Servicing Lifetime,End of Servicing Updates,End of Servicing Updates,End of Servicing Lifetime,End of Servicing Lifetime,End of Servicing Lifetime,End of Servicing Lifetime,End of Servicing Lifetime,End of Servicing Lifetime,End of Servicing Lifetime,End of Servicing Updates,End of Servicing Updates,End of Servicing Updates,End of Servicing Updates,End of Servicing Lifetime,End of Servicing Updates,End of Servicing Updates,End of Servicing Updates,End of Servicing Updates,End of Servicing Lifetime,End of Servicing Lifetime,End of Servicing Lifetime,End of Servicing Updates,End of Servicing Updates,End of Servicing Lifetime,End of Servicing Lifetime,End of Servicing Lifetime,End of Servicing Lifetime,End of Servicing Lifetime,End of Servicing Lifetime,End of Servicing Lifetime,End of Servicing Lifetime,End of Servicing Updates,End of Servicing Updates,End of Servicing Updates,End of Servicing Updates,End of Servicing Lifetime,End of Servicing Lifetime,End of Servicing Lifetime,End of Servicing Lifetime,End of Servicing Lifetime,End of Servicing Updates,End of Servicing Lifetime,End of Servicing Lifetime,End of Servicing Lifetime,End of Servicing Lifetime,End of Servicing Lifetime,End of Servicing Lifetime,End of Servicing Lifetime,End of Servicing Lifetime,End of Servicing Lifetime,End of Servicing Lifetime,End of Servicing Lifetime,End of Servicing Lifetime,End of Servicing Lifetime,End of Servicing Lifetime,End of Servicing Lifetime,End of Servicing Lifetime,End of Servicing Updates,End of Servicing Lifetime,End of Servicing Lifetime,End of Servicing Lifetime,End of Servicing Lifetime,End of Servicing Updates,End of Servicing Updates,End of Servicing Lifetime,End of Servicing Updates,End of Servicing Updates,End of Servicing Lifetime,End of Servicing Updates,End of Servicing Lifetime,End of Servicing Lifetime,End of Servicing Lifetime,End of Servicing Lifetime,End of Servicing Lifetime,End of Servicing Updates,End of Servicing Updates,End of Servicing Updates,End of Servicing Lifetime,End of Servicing Lifetime,End of Servicing Lifetime,End of Servicing Lifetime,End of Servicing Lifetime,End of Servicing Lifetime,End of Servicing Lifetime,End of Servicing Lifetime,End of Servicing Updates,End of Servicing Updates,End of Servicing Updates,End of Servicing Lifetime,End of Servicing Lifetime,End of Servicing Lifetime,End of Servicing Lifetime,End of Servicing Lifetime,End of Servicing Lifetime,End of Servicing Lifetime,End of Servicing Lifetime,End of Servicing Lifetime,End of Servicing Lifetime,End of Servicing Lifetime,End of Servicing Lifetime,End of Servicing Lifetime,End of Servicing Lifetime,End of Servicing Lifetime,End of Servicing Lifetime,End of Servicing Lifetime,End of Servicing Lifetime,End of Servicing Lifetime,End of Servicing Lifetime,End of Servicing Updates,End of Servicing Lifetime
Embedded Options Available,No,No,No,Yes,Yes,Yes,Yes,Yes,Yes,No,Yes,Yes,No,No,Yes,No,Yes,No,No,Yes,No,Yes,No,No,No,No,No,No,No,Yes,No,Yes,No,Yes,No,No,No,Yes,No,No,No,No,No,Yes,No,Yes,No,No,Yes,No,No,Yes,No,No,Yes,No,Yes,Yes,No,Yes,No,No,No,No,Yes,No,No,No,No,No,No,No,No,No,No,No,No,No,No,No,No,No,No,Yes,No,No,No,No,No,No,No,No,No,No,No,No,No,No,No,Yes,No,No,No,Yes,No,No,No,No,No,No,No,No,No,No,No,No,No,No,No,No,No,No,No,No,No,No,Yes,No,Yes,Yes,No,No,No,No,No,No,No,Yes,Yes,Yes,Yes,No,No,Yes,Yes,No,No,No,No,No,No,No,No,No,No,No,No,Yes,No,No,No,Yes,No,No,Yes,No,No,Yes,No,No,Yes,No,Yes,No,No,No,No,No,No,No,No,No,No,No,No,No,No,No,No,No,No,No,Yes,Yes,Yes,Yes,Yes,Yes,Yes,Yes
Expected Discontinuance,,,Q4'2010,,,,,,,,,,,,,,,,,,,,,,Q4'2010,,,,,,,,,,,,,,,,,,,,,,,,,,,,,,,,,,,,,,,,,,,Q4'2010,Q3'2011,Q3'2011,Q3'2011,Q3'2011,Q3'2011,Q3'2011,Q3'2011,,,,,,,,,,,,,,,,,,,,,,,,,,,,,,,,,,,,,,,,,,,,,,,,,,,,,,,,,,,,,,,,,,,,,,,,,,,,,,,,,,,,,,,,,Q2'2014,,,,,,,,Q4'12,,Q4'12,Q4'12,,,,Q4'12,,Q4'2012,Q4'2012,Q4'2012,Q4'2012,Q4'2012,Q4'2012,Q4'2012,Q4'2012,Q4'2012,Q4'2012,Q4'2012,,,,,,,,,

Package Specifications
Sockets Supported,LGA775,LGA775,LGA771,FCBGA1088,FCBGA1088,FCBGA1088,FCBGA1088,FCBGA1088,FCBGA1088,LGA771,LGA771,LGA771,LGA775,LGA775,LGA775,LGA775,PLGA771,LGA771,LGA775,LGA775,LGA775,LGA775,LGA775,LGA775,LGA771,PGA478,LGA775,LGA775,PBGA441,PBGA441,PBGA441,PBGA441,PBGA441,BGA479 | BGA956 | PBGA479 | PGA478,BGA479 | BGA956 | PBGA479 | PGA478,BGA479 | PBGA479 | PGA478,BGA479 | PBGA479 | PGA478,BGA479 | PBGA479 | PGA478,PPGA478,PPGA478,LGA775,PBGA437,PBGA437,PBGA437,LGA775,LGA775,LGA775,LGA775,LGA771,LGA771,PPGA478,PPGA478,PPGA478,,BGA956,BGA956,BGA956,BGA956,BGA956,BGA956,BGA956,PGA478,BGA956,BGA479 | BGA956 | PGA478,BGA956,BGA479 | PGA478,,LGA771,PGA604,PGA604,PGA604,PGA604,PGA604,PGA604,PGA604,BGA479 | PGA478,BGA479 | PGA478,PGA478,FCLGA1366 | PLGA1366,FCLGA1366,FCLGA1366 | PLGA1366,FCLGA1366,FCLGA1366 | PLGA1366,FCLGA1366,FCLGA1366 | PLGA1366,FCLGA1366,FCLGA1366,FCLGA1366,PGA478,PPGA478,BGA479 | PGA478,BGA956,BGA956,FCLGA1366 | PLGA1366,FCLGA1366,FCLGA1366,FCLGA1366,FCLGA1366,FCLGA1366,BGA956,LGA775,PGA478,PGA478,BGA479 | PGA478,BGA479 | BGA956 | PBGA479,BGA956,BGA956,PBGA479 | PGA478,FCLGA775 | LGA775,PPGA478,LGA775,PGA478,BGA479 | PGA478,FCLGA1366,FCLGA1366,FCLGA1366,FCLGA1366,FCLGA1366,FCLGA1366,FCLGA1366,FCLGA1366,BGA479 | PGA478,LGA775,PGA478,PGA478,LGA775,FCLGA1366,FCLGA1366,FCLGA1366,FCLGA1366,PGA478,PBGA441,PBGA441,LGA775,LGA775,LGA775,LGA775,FCBGA437,FCBGA437 | PBGA441,FCBGA437,FCBGA437,FCLGA1366,FCLGA1156 | LGA1156,FCLGA1156 | LGA1156,PBGA479,PBGA437,FCLGA1366,LGA775,LGA775,PGA478,FCLGA1366,FCLGA1366,PGA478,PGA478,FCLGA775 | LGA775,BGA956,PGA478,FCBGA559,PGA478,LGA775,LGA775,LGA775,BGA956,FCLGA1248,LGA775,LGA775,LGA775,FCLGA1156 | LGA1156,FCLGA775 | LGA775,LGA775,FCLGA1156 | LGA1156,FCLGA1156 | LGA1156,FCLGA1156 | LGA1156,FCLGA1156 | LGA1156,FCLGA1156 | LGA1156,FCPGA988 | PGA988,FCPGA988 | PGA988,FCPGA988 | PGA988,FCLGA1156 | LGA1156,FCBGA559,FCLGA1567,FCLGA1567,FCLGA1567,FCLGA1567,FCLGA1567,FCLGA1567,FCLGA1567,FCLGA1567,FCLGA1567,FCLGA1567,FCBGA1567 | FCLGA1567,PGA478,FCLGA1366,FCLGA1366,FCLGA1366,FCLGA1366,FCLGA1366,FCLGA1366,BGA1288,BGA1288
TCASE,73.3°C,78.65°C,57°C,95°C,95°C,97°C,97°C,100°C,100°C,63°C,72°C,66°C,73.3°C,72.4°C,73.3°C,73.3°C,72.2°C,56°C,60.4°C,74.1°C,74.1°C,71.4°C,71.4°C,72.4°C,63°C,,71.4°C,71.4°C,,,,,,,,,,,,,72.4°C,85.2°C,85.2°C,,74.1°C,74.1°C,74.1°C,71.4°C,66°C,61°C,,100°C,100°C,75°C,,,,,,,,,,,,,,63°C,65°C,73°C,68°C,68°C,68°C,68°C,64°C,,,,76°C,76°C,76°C,76°C,76°C,76°C,75°C,75°C,75°C,67°C,,,,,,67.9°C,67.9°C,67.9°C,67.9°C,67.9°C,67.9°C,,74.1°C,,,105°C,,,,,71.4°C,,71.4°C,,,67.9°C,67.9°C,67.9°C,,67.9°C,67.9°C,72°C,70°C,,74.1°C,,,76.25°C,76°C,70°C,85°C,85°C,,,,76.3°C,76.3°C,76.3°C,71.4°C,,,,,67.9°C,72.7°C,72.7°C,,,67.9°C,74.1°C,74.1°C,105°C,67°C,70°C,,,76.3°C,,,,,74.1°C,74.1°C,74.1°C,,,74.1°C,74.1°C,74.1°C,72.7°C,71.4°C,76.3°C,72.7°C,72.7°C,72.7°C,72.7°C,72.7°C,,,,58.3°C,,64°C,,70°C,64°C,64°C,70°C,70°C,69°C,69°C,69°C,,,77.6°C,74.6°C,70.0°C - 85.0°C,74.6°C,79.5°C - 94.5°C,79.5°C - 94.5°C,,
Package Size,37.5mm x 37.5mm,,37.5mm x 37.5mm,37.5mm x 37.5mm,37.5mm x 37.5mm,37.5mm x 37.5mm,37.5mm x 37.5mm,37.5mm x 37.5mm,37.5mm x 37.5mm,37.5mm x 37.5mm,37.5mm x 37.5mm,,37.5mm x 37.5mm,37.5mm x 37.5mm,37.5mm x 37.5mm,37.5mm x 37.5mm,37.5mm x 37.5mm,,37.5mm x 37.5mm,,37.5mm x 37.5mm,37.5mm x 37.5mm,37.5mm x 37.5mm,37.5mm x 37.5mm,,35 mm x 35mm,37.5mm x 37.5mm,37.5mm x 37.5mm,13mm x 14mm,13mm x 14mm,13mm x 14mm,13mm x 14mm,13mm x 14mm,35mm x 35mm,35mm x 35mm,35mm x 35mm,35 mm x 35mm,35 mm x 35mm,35mm x 35mm,,37.5mm x 37.5mm,22mm x 22mm,22mm x 22mm,22mm x 22mm,37.5mm x 37.5mm,37.5mm x 37.5mm,37.5mm x 37.5mm,37.5mm x 37.5mm,37.5mm x 37.5mm,37.5mm x 37.5mm,35mm x 35mm,35mm x 35mm,35mm x 35mm,37.5mm x 37.5mm,22mm x 22mm,22mm x 22mm,22mm x 22mm,22mm x 22mm,22mm x 22mm,22mm x 22mm,22mm x 22mm,35mm x 35mm,22mm x 22mm,,22mm x 22mm,35mm x 35mm,37.5mm x 37.5mm,,53.3mm x 53.3mm,53.3mm x 53.3mm,53.3mm x 53.3mm,53.3mm x 53.3mm,53.3mm x 53.3mm,53.3mm x 53.3mm,53.3mm x 53.3mm,35mm x 35mm,35mm x 35mm,35mm x 35mm,42.5mm x 45mm,42.5mm x 45mm,42.5mm x 45mm,,42.5mm x 45mm,42.5mm x 45mm,42.5mm x 45mm,42.5mm x 45mm,42.5mm x 45mm,42.5mm x 45mm,35mm x 35mm,35mm x 35mm,35mm x 35mm,22mm x 22mm,22mm x 22mm,42.5mm x 45.0mm,42.5mm x 45.0mm,42.5mm x 45.0mm,42.5mm x 45.0mm,42.5mm x 45.0mm,42.5mm x 45.0mm,22mm x 22mm,37.5mm x 37.5mm,35mm x 35mm,35 mm x 35 mm,35mm,22mm x 22mm,22mm x 22mm,22mm x 22mm,35mm x 35mm,37.5mm x 37.5mm,35mm x 35mm,37.5mm x 37.5mm,,35mm,42.5mm x 45.0mm,42.5mm x 45.0mm,42.5mm x 45.0mm,42.5mm x 45.0mm,42.5mm x 45.0mm,42.5mm x 45.0mm,42.5mm x 45mm,42.5mm x 45mm,35mm x 35mm,37.5mm x 37.5mm,35mm x 35mm,35mm x 35mm,,42.5mm x 45mm,42.5mm x 45mm,42.5mm x 45mm,42.5mm x 45mm,35mm x 35mm,13mm x 14mm,13mm x 14mm,37.5mm x 37.5mm,37.5mm x 37.5mm,37.5mm x 37.5mm,37.5mm x 37.5mm,22mm x 22mm,22mm x 22mm,22mm x 22mm,22mm x 22mm,42.5mm x 45.0mm,37.5mm x 37.5mm,37.5mm x 37.5mm,35mm x 35mm,22mm x 22mm,42.5mm x 45.0mm,,37.5mm x 37.5mm,35mm x 35mm,42.5mm x 45mm,42.5mm x 45mm,35mm x 35mm,35mm x 35mm,37.5mm x 37.5mm,,,22mm x 22mm,35mm x 35mm,,,,22mm x 22mm,,,,,37.5mm x 37.5mm,37.5mm x 37.5mm,37.5mm x 37.5mm,37.5mm x 37.5mm,37.5mm x 37.5mm,37.5mm x 37.5mm,37.5mm x 37.5mm,37.5mm x 37.5mm,37.5mm x 37.5mm,37.5mm x 37.5mm,37.5mm x 37.5mm,37.5mm x 37.5mm,22mm x22mm,,,,,,,,,,,,,,,,,,,BGA 34mmX28mm,BGA 34mmX28mm
Processing Die Size,77 mm2,107 mm2,214 mm2,,,,,,,214 mm2,214 mm2,107 mm2,77 mm2,107 mm2,77 mm2,77 mm2,286 mm2,107 mm2,77 mm2,82 mm2,82 mm2,164 mm2,214 mm2,107 mm2,214 mm2,107 mm2,164 mm2,214 mm2,26 mm2,26 mm2,26 mm2,26 mm2,26 mm2,107 mm2,107 mm2,107 mm2,107 mm2,107 mm2,143 mm2,143 mm2,107 mm2,26 mm2,52 mm2,26 mm2,82 mm2,82 mm2,82 mm2,164 mm2,107 mm2,107 mm2,143 mm2,143 mm2,143 mm2,107 mm2,107 mm2,107 mm2,107 mm2,107 mm2,107 mm2,107 mm2,107 mm2,214 mm2,107 mm2,107 mm2,107 mm2,107 mm2,82 mm2,214 mm2,503 mm2,503 mm2,503 mm2,503 mm2,503 mm2,503 mm2,503 mm2,107 mm2,107 mm2,214 mm2,,,,,263 mm2,263 mm2,263 mm2,263 mm2,263 mm2,263 mm2,107 mm2,143 mm2,107 mm2,107 mm2,107 mm2,263 mm2,263 mm2,263 mm2,263 mm2,263 mm2,263 mm2,107 mm2,82 mm2,107 mm2,107 mm2,107 mm2,107 mm2,107 mm2,107 mm2,107 mm2,164 mm2,143 mm2,164 mm2,107 mm2,107 mm2,263 mm2,263 mm2,263 mm2,263 mm2,263 mm2,263 mm2,263 mm2,263 mm2,107 mm2,82 mm2,107 mm2,107 mm2,214 mm2,,,263 mm2,263 mm2,107 mm2,26 mm2,26 mm2,164 mm2,214 mm2,164 mm2,214 mm2,26 mm2,26 mm2,26 mm2,26 mm2,263 mm2,296 mm2,296 mm2,143 mm2,26 mm2,263 mm2,82 mm2,82 mm2,107 mm2,263 mm2,263 mm2,107 mm2,107 mm2,164 mm2,107 mm2,107 mm2,66 mm2,107 mm2,,,,107 mm2,,82 mm2,82 mm2,82 mm2,296 mm2,164 mm2,164 mm2,296 mm2,296 mm2,296 mm2,296 mm2,296 mm2,296 mm2,296 mm2,296 mm2,296 mm2,66 mm2,,,,,,,,,,,,107 mm2,,,,,,,81 mm2,81 mm2
# of Processing Die Transistors,105 million,410 million,820 million,,,,,,,820 million,820 million,410 million,105 million,410 million,105 million,105 million,582 million,410 million,105 million,228 million,228 million,456 million,820 million,410 million,820 million,410 million,456 million,820 million,47 million,47 million,47 million,47 million,47 million,410 million,410 million,410 million,410 million,410 million,291 million,291 million,410 million,47 million,94 million,47 million,228 million,228 million,228 million,456 million,410 million,410 million,291 million,291 million,291 million,410 million,410 million,410 million,410 million,410 million,410 million,410 million,410 million,820 million,410 million,410 million,410 million,410 million,228 million,820 million,1900 million,1900 million,1900 million,1900 million,1900 million,1900 million,1900 million,410 million,410 million,820 million,,,,,731 million,731 million,731 million,731 million,731 million,731 million,410 million,291 million,410 million,410 million,410 million,731 million,731 million,731 million,731 million,731 million,731 million,410 million,228 million,410 million,410 million,410 million,410 million,410 million,410 million,410 million,456 million,291 million,456 million,410 million,410 million,731 million,731 million,731 million,731 million,731 million,731 million,731 million,731 million,410 million,228 million,410 million,410 million,820 million,,,731 million,731 million,410 million,47 million,47 million,456 million,820 million,456 million,820 million,47 million,47 million,47 million,47 million,731 million,774 million,774 million,291 million,47 million,731 million,228 million,228 million,410 million,731 million,731 million,410 million,410 million,456 million,410 million,410 million,123 million,410 million,,,,410 million,,228 million,228 million,228 million,774 million,456 million,456 million,774 million,774 million,774 million,774 million,774 million,774 million,774 million,774 million,774 million,123 million,,,,,,,,,,,,410 million,,,,,,,382 million,382 million
Max CPU Configuration,,,,,,,,,,,,,,,,,,,,1,,,,,,,,,,,,,,,,,,,,,,,,,,,,,,,,,,,,,,,,,,,,,,,,,,,,,,,,,,,2,,2,,2,2,2,2,2,2,,,,,,1,1,1,1,1,1,,1,,,,,,,,,,,,,1,1,1,1,1,1,2,2,,1,,,,2,2,2,2,,,,,,,,,,,,1,1,1,,,1,1,,,,,,,,,,,,,,,,,1,1,1,1,,,1,1,1,1,1,1,1,1,1,,,,,,,,,,,,,,2,2,2,1,1,1,1,1
TJUNCTION,,,,,,,,,,,,,,,,,,,,,,,,,,105°C,,,90°C,90°C,90°C,90°C,90°C,105°C,105°C,105°C,105°C,105°C,85°C,100°C,,,,90°C,,,,,,,,,,,105°C,105°C,105°C,105°C,105°C,105°C,105°C,100°C,100°C,90°C,105°C,,,,,,,,,,,105°C,105°C,100°C,,,,,,,,,,,,100°C,105°C,100°C,100°C,,,,,,,105°C,,105°C,90°C,,105°C,105°C,105°C,105°C,,100°C,,105°C,105°C,,,,,,,,,105°C,,105°C,100°C,,,,,,105°C,90°C,90°C,,,,,90°C,90°C,90°C,90°C,,,,100°C,90°C,,,,,,,90°C,105°C,,100°C,105°C,100°C,105°C,,,,100°C,,,,,,,,,,,,,100°C,100°C,100°C,,100°C,,,,,,,,,,,,,,,,,,,105°C,90°C

Advanced Technologies
Intel® Turbo Boost Technology ‡,No,No,No,No,No,No,No,No,No,No,No,No,No,No,No,No,No,No,No,No,No,No,No,No,No,No,No,No,No,No,No,No,No,No,No,No,No,No,No,No,No,No,No,No,No,No,No,No,No,No,No,No,No,No,No,No,No,No,No,No,No,No,No,No,No,No,No,No,No,No,No,No,No,No,No,No,No,No,No,No,No,No,1.0,1.0,1.0,1.0,1.0,1.0,No,No,No,No,No,1.0,1.0,1.0,1.0,1.0,1.0,No,No,No,No,No,No,No,No,No,No,No,No,No,No,1.0,1.0,1.0,1.0,1.0,1.0,1.0,1.0,No,No,No,No,No,No,No,1.0,1.0,No,No,No,No,No,No,No,No,No,No,No,1.0,1.0,1.0,No,No,1.0,No,No,No,1.0,1.0,No,No,No,No,No,No,No,No,No,No,No,1.0,No,No,No,1.0,No,No,1.0,1.0,1.0,1.0,1.0,1.0,1.0,1.0,1.0,No,,1.0,,1.0,1.0,1.0,1.0,1.0,1.0,1.0,1.0,No,1.0,No,1.0,No,1.0,No,1.0,No
Intel® Hyper-Threading Technology ‡,No,No,No,No,No,No,No,No,No,No,No,No,No,No,No,No,No,No,No,No,No,No,No,No,No,No,No,No,Yes,Yes,Yes,No,Yes,No,No,No,No,No,No,No,No,Yes,Yes,Yes,No,No,No,No,No,No,No,No,No,No,No,No,No,No,No,No,No,No,No,No,No,No,No,No,No,No,No,No,No,No,No,No,No,No,No,No,No,No,Yes,Yes,Yes,Yes,Yes,Yes,No,No,No,No,,Yes,Yes,Yes,Yes,Yes,Yes,No,No,No,No,No,No,No,No,No,No,No,No,No,No,Yes,Yes,Yes,Yes,Yes,Yes,Yes,Yes,No,No,No,No,No,No,No,Yes,Yes,No,Yes,Yes,No,No,No,No,Yes,Yes,Yes,Yes,Yes,Yes,Yes,,Yes,Yes,No,No,No,Yes,Yes,,No,No,No,No,Yes,No,No,No,No,,Yes,No,No,No,No,No,No,No,Yes,Yes,Yes,Yes,Yes,Yes,Yes,Yes,Yes,Yes,Yes,Yes,Yes,Yes,Yes,Yes,Yes,,Yes,Yes,No,Yes,No,Yes,No,Yes,No,Yes,No
Intel® Virtualization Technology (VT-x) ‡,No,Yes,Yes,,,,,,,Yes,Yes,Yes,No,Yes,No,No,Yes,Yes,No,,No,Yes,Yes,Yes,Yes,Yes,Yes,Yes,Yes,Yes,Yes,No,No,Yes,Yes,Yes,Yes,Yes,No,No,Yes,No,No,No,No,,,No,Yes,Yes,No,No,No,Yes,No,Yes,Yes,Yes,Yes,Yes,Yes,Yes,Yes,No,No,No,No,Yes,Yes,Yes,Yes,Yes,Yes,Yes,Yes,Yes,Yes,Yes,,,,,,,,,,,Yes,No,Yes,Yes,No,,,,,,,Yes,No,No,No,No,Yes,Yes,Yes,Yes,Yes,No,,No,Yes,,,,,,,,,Yes,,No,Yes,Yes,,,,,No,No,Yes,Yes,Yes,No,Yes,Yes,Yes,No,No,,,,No,No,,Yes,Yes,No,,,,Yes,Yes,Yes,Yes,,Yes,Yes,Yes,Yes,Yes,,Yes,Yes,Yes,,Yes,Yes,,,,,,,,,,,,,,,,,,,,,,No,,,,,,,,
Intel® Virtualization Technology for Directed I/O (VT-d) ‡,No,,,,,,,,,,,,No,Yes,No,No,,,No,No,,Yes,Yes,,,,,,No,No,No,No,No,,,,,,,,Yes,No,No,No,,,,,,,,,,,,,,,,,,,,,,,,,,,,,,,,,,,,,,,,,,,,,,,,,,,,,,,,,No,,,,,,,,,,,,,,,,,,,,,,No,,,,,,,,No,No,No,Yes,Yes,,,No,No,No,No,,,,,No,,No,,,,,,,,,,,,No,No,No,,,No,No,No,,Yes,Yes,,,,,,,,,,,,,,,,,,,,,,,,,,,,,,
Intel® 64 ‡,Yes,Yes,Yes,No,No,No,No,No,No,Yes,Yes,Yes,Yes,Yes,Yes,Yes,Yes,Yes,Yes,Yes,Yes,Yes,Yes,Yes,Yes,Yes,Yes,Yes,No,No,No,No,No,Yes,Yes,Yes,Yes,Yes,Yes,Yes,Yes,Yes,Yes,No,Yes,Yes,Yes,Yes,Yes,Yes,Yes,Yes,Yes,Yes,Yes,Yes,Yes,Yes,Yes,Yes,Yes,Yes,Yes,Yes,Yes,Yes,Yes,Yes,Yes,Yes,Yes,Yes,Yes,Yes,Yes,Yes,Yes,Yes,Yes,Yes,Yes,Yes,Yes,Yes,Yes,Yes,Yes,Yes,Yes,Yes,Yes,Yes,,Yes,Yes,Yes,Yes,Yes,Yes,Yes,Yes,Yes,Yes,Yes,Yes,Yes,Yes,Yes,Yes,Yes,Yes,Yes,Yes,Yes,Yes,Yes,Yes,Yes,Yes,Yes,Yes,Yes,Yes,Yes,Yes,Yes,Yes,Yes,Yes,Yes,Yes,No,No,Yes,Yes,Yes,Yes,No,No,No,No,Yes,Yes,Yes,Yes,No,Yes,Yes,Yes,Yes,Yes,Yes,Yes,Yes,Yes,Yes,Yes,Yes,Yes,Yes,Yes,Yes,Yes,,Yes,Yes,Yes,Yes,Yes,Yes,Yes,Yes,Yes,Yes,Yes,Yes,Yes,Yes,Yes,Yes,Yes,Yes,Yes,Yes,Yes,Yes,Yes,Yes,Yes,Yes,Yes,Yes,,,,,,,Yes,Yes
Instruction Set,64-bit,64-bit,64-bit,32-bit,32-bit,32-bit,32-bit,32-bit,32-bit,64-bit,64-bit,64-bit,64-bit,64-bit,64-bit,64-bit,64-bit,64-bit,64-bit,64-bit,64-bit,64-bit,64-bit,64-bit,64-bit,64-bit,64-bit,64-bit,32-bit,32-bit,32-bit,32-bit,32-bit,64-bit,64-bit,64-bit,64-bit,64-bit,64-bit,64-bit,64-bit,64-bit,64-bit,32-bit,64-bit,64-bit,64-bit,64-bit,64-bit,64-bit,64-bit,64-bit,64-bit,64-bit,64-bit,64-bit,64-bit,64-bit,64-bit,64-bit,64-bit,64-bit,64-bit,64-bit,64-bit,64-bit,64-bit,64-bit,64-bit,64-bit,64-bit,64-bit,64-bit,64-bit,64-bit,64-bit,64-bit,64-bit,64-bit,64-bit,64-bit,64-bit,64-bit,64-bit,64-bit,64-bit,64-bit,64-bit,64-bit,64-bit,64-bit,64-bit,64-bit,64-bit,64-bit,64-bit,64-bit,64-bit,64-bit,64-bit,64-bit,64-bit,64-bit,64-bit,64-bit,64-bit,64-bit,64-bit,64-bit,64-bit,64-bit,64-bit,64-bit,64-bit,64-bit,64-bit,64-bit,64-bit,64-bit,64-bit,64-bit,64-bit,64-bit,64-bit,64-bit,64-bit,64-bit,64-bit,64-bit,64-bit,64-bit,32-bit,32-bit,64-bit,64-bit,64-bit,64-bit,32-bit,32-bit,32-bit,32-bit,64-bit,64-bit,64-bit,64-bit,32-bit,64-bit,64-bit,64-bit,64-bit,64-bit,64-bit,64-bit,64-bit,64-bit,64-bit,64-bit,64-bit,64-bit,64-bit,64-bit,64-bit,,Itanium 64-bit,64-bit,64-bit,64-bit,64-bit,64-bit,64-bit,64-bit,64-bit,64-bit,64-bit,64-bit,64-bit,64-bit,64-bit,64-bit,64-bit,,,,,,,,,,,,64-bit,64-bit,64-bit,64-bit,64-bit,64-bit,64-bit,64-bit,64-bit
Idle States,Yes,,Yes,No,No,No,No,No,No,Yes,No,No,Yes,Yes,Yes,Yes,No,No,Yes,Yes,Yes,Yes,Yes,Yes,Yes,No,Yes,No,Yes,Yes,Yes,Yes,Yes,No,No,No,Yes,Yes,,Yes,Yes,No,,No,Yes,Yes,Yes,Yes,No,,No,No,No,Yes,,No,No,No,No,,,,Yes,,Yes,,Yes,Yes,No,No,No,No,No,No,No,No,Yes,,Yes,Yes,Yes,Yes,Yes,Yes,Yes,Yes,Yes,Yes,,,,,,Yes,Yes,Yes,Yes,Yes,Yes,No,Yes,,,,,,,,Yes,No,Yes,,,Yes,Yes,Yes,Yes,Yes,Yes,Yes,Yes,,Yes,,,,Yes,Yes,Yes,Yes,Yes,Yes,Yes,Yes,Yes,Yes,,Yes,Yes,Yes,Yes,Yes,Yes,Yes,,,Yes,Yes,Yes,,Yes,Yes,,,Yes,,Yes,,,Yes,Yes,Yes,,,Yes,Yes,Yes,Yes,Yes,Yes,Yes,Yes,Yes,Yes,Yes,Yes,Yes,Yes,Yes,,,,,,,,,,,,,,Yes,Yes,Yes,Yes,Yes,Yes,Yes,Yes
Enhanced Intel SpeedStep® Technology,Yes,Yes,Yes,No,No,No,No,No,No,Yes,Yes,Yes,Yes,Yes,Yes,Yes,Yes,No,No,Yes,Yes,Yes,Yes,Yes,Yes,Yes,Yes,Yes,Yes,Yes,Yes,Yes,Yes,Yes,Yes,Yes,Yes,Yes,Yes,Yes,Yes,No,No,Yes,Yes,Yes,Yes,Yes,Yes,Yes,No,No,No,Yes,No,Yes,Yes,Yes,Yes,Yes,Yes,Yes,Yes,Yes,No,Yes,Yes,Yes,No,No,No,Yes,Yes,No,Yes,Yes,Yes,Yes,Yes,Yes,Yes,Yes,Yes,Yes,Yes,Yes,Yes,Yes,Yes,No,Yes,Yes,No,Yes,Yes,Yes,Yes,Yes,Yes,Yes,Yes,Yes,Yes,No,Yes,Yes,Yes,Yes,Yes,No,Yes,Yes,Yes,Yes,Yes,Yes,Yes,Yes,Yes,Yes,Yes,Yes,Yes,Yes,Yes,Yes,Yes,Yes,Yes,Yes,Yes,,Yes,Yes,Yes,Yes,Yes,Yes,Yes,Yes,Yes,Yes,Yes,Yes,No,Yes,Yes,Yes,Yes,No,Yes,Yes,Yes,Yes,Yes,Yes,Yes,Yes,Yes,Yes,Yes,Yes,Yes,,Yes,Yes,Yes,Yes,Yes,Yes,Yes,Yes,Yes,Yes,Yes,Yes,Yes,Yes,Yes,Yes,Yes,Yes,Yes,Yes,Yes,Yes,Yes,Yes,Yes,Yes,Yes,No,Yes,Yes,Yes,Yes,Yes,Yes,Yes,Yes
Intel® Demand Based Switching,No,,Yes,No,No,No,No,No,No,No,No,No,No,No,No,No,Yes,Yes,No,No,No,No,No,No,Yes,No,No,No,Yes,Yes,Yes,Yes,Yes,No,No,No,No,No,No,No,No,No,No,No,No,No,No,No,No,Yes,No,No,No,No,No,No,No,No,No,No,No,No,No,No,No,No,No,Yes,Yes,Yes,Yes,Yes,Yes,Yes,Yes,No,No,No,Yes,Yes,Yes,Yes,Yes,Yes,Yes,Yes,Yes,Yes,No,No,No,No,,No,No,No,No,No,No,No,No,No,No,No,No,No,No,No,No,No,No,,No,Yes,Yes,Yes,Yes,Yes,Yes,Yes,Yes,No,No,No,No,,Yes,Yes,Yes,Yes,No,Yes,Yes,No,No,No,No,No,No,No,No,Yes,No,No,,No,No,No,No,,Yes,Yes,,,No,No,,No,No,,,,,Yes,No,No,No,No,No,No,Yes,Yes,Yes,Yes,Yes,,,No,Yes,No,,,,,,,,,,,,,Yes,Yes,Yes,Yes,Yes,Yes,,
Thermal Monitoring Technologies,Yes,,Yes,,,,,,,Yes,,,Yes,Yes,Yes,Yes,,,Yes,Yes,Yes,Yes,Yes,Yes,Yes,,Yes,,Yes,Yes,Yes,Yes,Yes,,,,,,,,Yes,No,No,Yes,Yes,Yes,Yes,Yes,,,,,,,,,,,,,,,,,,,,Yes,,,,,,,,,,,,No,,,,,,,,,,,,,,No,No,No,No,No,No,,Yes,,,,,,,,Yes,,Yes,,,No,No,No,No,No,No,,,,Yes,,,,,,,,,Yes,Yes,Yes,Yes,Yes,,Yes,Yes,Yes,Yes,No,No,No,,Yes,No,Yes,Yes,,,,,,Yes,,Yes,Yes,,Yes,Yes,Yes,Yes,Yes,Yes,Yes,Yes,No,Yes,Yes,No,No,No,No,No,Yes,Yes,Yes,No,Yes,,,,,,,,,,,,,,,,,,,Yes,Yes
Intel® VT-x with Extended Page Tables (EPT) ‡,,,No,,,,,,,,No,,,,,,No,,,,,,,,No,,,,,,,,,,,,,,,,,,,,,,,,,,,,,,,,,,,,,,,,,,,No,,,,,,,,,,,,,,,,,,,,,,,,,,,,,,,,,,,,,,,,,,,,,,,,,,,,,,,,,,,,,,,,,,,,,,,,,,,,,,,,,,,,,,,,,,,,,,,,,,,,,,,,,,,,,,,,,,,,,,,,,,,,,,,,,,,,
Intel® ME Firmware Version,,,,No,No,No,No,No,No,,,,,,,,,,,,,,,,,,,,,,,,,,,,,,,,,,,,,,,,,,,,,,,,,,,,,,,,,,,,,,,,,,,,,,,,,,,,,,,,,,,,,,,,,,,,,,,,,,,,,,,,,,,,,,,,,,,,,,,,,,,,,,,,,,,,,,,,,,,,,,,,,,,,,,,,,,,,,,,,,,,,,,,,,,,,,,,,,,,,,,,,,,,,,,,
Intel® Quick Resume Technology,,,,No,No,No,No,No,No,,,,,,,,,,,,,,,,,,,,,,,,,,,,,,,,,,,,,,,,,,,,,,,,,,,,,,,,,,,,,,,,,,,,,,,,,,,,,,,,,,,,,,,,,,,,,,,,,,,,,,,,,,,,,,,,,,,,,,,,,,,,,,,,,,,,,,,,,,,,,,,,,,,,,,,,,,,,,,,,,,,,,,,,,,,,,,,,,,,,,,,,,,,,,,,
Intel® Quiet System Technology,,,,No,No,No,No,No,No,,,,,,,,,,,,,,,,,,,,,,,,,,,,,,,,,,,,,,,,,,,,,,,,,,,,,,,,,,,,,,,,,,,,,,,,,,,,,,,,,,,,,,,,,,,,,,,,,,,,,,,,,,,,,,,,,,,,,,,,,,,,,,,,,,,,,,,,,,,,,,,,,,,,,,,,,,,,,,,,,,,,,,,,,,,,,,,,,,,,,,,,,,,,,,,
Integrated Intel® Quick Assist Technology,,,,Yes,No,Yes,No,Yes,No,,,,,,,,,,,,,,,,,,,,,,,,,,,,,,,,,,,,,,,,,,,,,,,,,,,,,,,,,,,,,,,,,,,,,,,,,,,,,,,,,,,,,,,,,,,,,,,,,,,,,,,,,,,,,,,,,,,,,,,,,,,,,,,,,,,,,,,,,,,,,,,,,,,,,,,,,,,,,,,,,,,,,,,,,,,,,,,,,,,,,,,,,,,,,,,
Intel® HD Audio Technology,,,,No,No,No,No,No,No,,,,,,,,,,,,,,,,,,,,,,,,,,,,,,,,,,,,,,,,,,,,,,,,,,,,,,,,,,,,,,,,,,,,,,,,,,,,,,,,,,,,,,,,,,,,,,,,,,,,,,,,,,,,,,,,,,,,,,,,,,,,,,,,,,,,,,,,,,,,,,,,,,,,,,,,,,,,,,,,,,,,,,,,,,,,,,,,,,,,,,,,,,,,,,,
Intel® AC97 Technology,,,,No,No,No,No,No,No,,,,,,,,,,,,,,,,,,,,,,,,,,,,,,,,,,,,,,,,,,,,,,,,,,,,,,,,,,,,,,,,,,,,,,,,,,,,,,,,,,,,,,,,,,,,,,,,,,,,,,,,,,,,,,,,,,,,,,,,,,,,,,,,,,,,,,,,,,,,,,,,,,,,,,,,,,,,,,,,,,,,,,,,,,,,,,,,,,,,,,,,,,,,,,,
Intel® Matrix Storage Technology,,,,No,No,No,No,No,No,,,,,,,,,,,,,,,,,,,,,,,,,,,,,,,,,,,,,,,,,,,,,,,,,,,,,,,,,,,,,,,,,,,,,,,,,,,,,,,,,,,,,,,,,,,,,,,,,,,,,,,,,,,,,,,,,,,,,,,,,,,,,,,,,,,,,,,,,,,,,,,,,,,,,,,,,,,,,,,,,,,,,,,,,,,,,,,,,,,,,,,,,,,,,,,
Intel® Fast Memory Access,,,,No,No,No,No,No,No,,,,,,,,,,,,,,,,,,,,,,,,,,,,,,,,,,,,,,,,,,,,,,,,,,,,,,,,,,,,,,,,,,,,,,,,,,,,,,,,,,,,,,,,,,,,,,,,,,,,,,,,,,,,,,,,,,,,,,,,,,,,,,,,,,,,,,,,,,,,,,,,,,,,,,,,,,,,,,,,,,,,,,,,,,,,,,,,,,,,,,,,,,,,,,Yes,Yes
Intel® Flex Memory Access,,,,No,No,No,No,No,No,,,,,,,,,,,,,,,,,,,,,,,,,,,,,,,,,,,,,,,,,,,,,,,,,,,,,,,,,,,,,,,,,,,,,,,,,,,,,,,,,,,,,,,,,,,,,,,,,,,,,,,,,,,,,,,,,,,,,,,,,,,,,,,,,,,,,,,,,,,,,,,,,,,,,,,,,,,,,,,,,,,,,,,,,,,,,,,,,,,,,,,,,,,,,,Yes,Yes
Intel® Optane™ Memory Supported ‡,,,,,,,,,,,,,No,,No,No,,,,,,,,,,,,,,,,,,,,,,,,,,,,,,,,,,,,,,,,,,,,,,,,,,,,,,,,,,,,,,,,,,,,,,,,,,,,,,,,,,,,,,,,,,,,,,,,,,,,,,,,,,,,,,,,,,,,,,,,,,,,,,,,,,,,,,,,,,,,,,,,,,,,,,,,,,,,,,,,,,,,,,,,,,,,,,,,,,,,,,,,
Instruction Set Extensions,,,,,,,,,,,,,,,,,,,,,,,,,,,,,Intel® SSE2 |  Intel® SSE3 |  Intel® SSSE3,Intel® SSE2 |  Intel® SSE3 |  Intel® SSSE3,Intel® SSE2 |  Intel® SSE3 |  Intel® SSSE3,Intel® SSE2 |  Intel® SSE3 |  Intel® SSSE3,Intel® SSE2 |  Intel® SSE3 |  Intel® SSSE3,,,,,,,,,Intel® SSE2 |  Intel® SSE3 |  Intel® SSSE3,Intel® SSE2 |  Intel® SSE3 |  Intel® SSSE3,Intel® SSE |  Intel® SSE2 |  Intel® SSE3 |  Intel® SSSE3,,,,,,,,,,,,,,,,,,,,,,,,,,,,,,,,,,,,,,,,,,,,,,,,,,Intel® SSE4.2,Intel® SSE4.2,Intel® SSE4.2,Intel® SSE4.2,Intel® SSE4.2,Intel® SSE4.2,,,,,,,,,,,,,,,Intel® SSE4.2,Intel® SSE4.2,Intel® SSE4.2,Intel® SSE4.2,Intel® SSE4.2,Intel® SSE4.2,,,,,,,,,,,,,Intel® SSE2 |  Intel® SSE3 |  Intel® SSSE3,,,,,,Intel® SSE2 |  Intel® SSE3 |  Intel® SSSE3,Intel® SSE2 |  Intel® SSE3 |  Intel® SSSE3,Intel® SSE2 |  Intel® SSE3 |  Intel® SSSE3,Intel® SSE2 |  Intel® SSE3 |  Intel® SSSE3,Intel® SSE4.2,Intel® SSE4.2,Intel® SSE4.2,,Intel® SSE2 |  Intel® SSE3 |  Intel® SSSE3,Intel® SSE4.2,,,,,,,,,,,Intel® SSE2 |  Intel® SSE3 |  Intel® SSSE3,,,,,,,,,,Intel® SSE4.2,,,Intel® SSE4.2,Intel® SSE4.2,Intel® SSE4.2,Intel® SSE4.2,Intel® SSE4.2,Intel® SSE4.2,Intel® SSE4.2,Intel® SSE4.2,Intel® SSE4.2,Intel® SSE2 |  Intel® SSE3 |  Intel® SSSE3,,,,,,,,,,,,,,,,,,,Intel® SSE4.1 |  Intel® SSE4.2,

Security & Reliability
Intel® AES New Instructions,No,,,,,,,,,No,,,No,No,No,No,,,No,No,No,No,No,,,,,,,,,,,,,,,,,,No,,,,No,No,No,No,,,,,,,,,,,,,,,,,,,,,,,,,,,,,,,,No,,,,,,,,No,,,,,,No,No,No,No,No,No,,No,,,,,,,,No,,No,,,No,No,No,No,No,No,,,,No,,,,,,,,,,,No,No,No,,,,,,No,No,No,,,No,No,No,,No,No,,,No,,,,,No,No,No,,,No,No,No,No,No,No,No,No,No,No,No,No,No,No,No,,,,,,,,,,,,,,,,,,,,Yes,No
Intel® Trusted Execution Technology ‡,No,,No,No,No,No,No,No,No,No,No,No,No,Yes,No,No,No,No,No,No,No,Yes,Yes,No,No,No,No,No,No,No,No,No,No,Yes,Yes,Yes,Yes,Yes,No,No,Yes,No,No,No,No,No,No,No,No,No,No,No,No,No,No,Yes,Yes,Yes,Yes,Yes,Yes,No,Yes,,No,No,No,No,No,No,No,No,No,No,No,Yes,Yes,Yes,No,No,No,No,No,No,No,No,No,No,No,No,Yes,Yes,No,No,No,No,No,No,No,Yes,No,No,No,No,Yes,Yes,Yes,Yes,No,No,No,,Yes,No,No,No,No,No,No,No,No,Yes,No,No,Yes,,No,No,No,No,No,No,No,Yes,Yes,No,No,No,No,No,No,No,Yes,Yes,No,No,No,No,No,No,No,No,,,No,,No,No,Yes,No,No,No,No,,No,No,No,No,Yes,Yes,Yes,Yes,Yes,Yes,Yes,Yes,Yes,Yes,Yes,No,,,,,,,,,,,,No,,,,,,,Yes,No
Execute Disable Bit ‡,Yes,Yes,Yes,Yes,Yes,Yes,Yes,Yes,Yes,Yes,Yes,Yes,Yes,Yes,Yes,Yes,Yes,Yes,Yes,Yes,Yes,Yes,Yes,Yes,Yes,Yes,Yes,Yes,Yes,Yes,Yes,Yes,Yes,Yes,Yes,Yes,Yes,Yes,Yes,Yes,Yes,Yes,Yes,Yes,Yes,Yes,Yes,Yes,Yes,Yes,No,Yes,Yes,Yes,Yes,Yes,Yes,Yes,Yes,Yes,Yes,Yes,No,Yes,Yes,Yes,Yes,Yes,Yes,Yes,Yes,Yes,Yes,Yes,Yes,Yes,Yes,Yes,Yes,Yes,Yes,Yes,Yes,Yes,Yes,Yes,Yes,Yes,Yes,Yes,Yes,Yes,,Yes,Yes,Yes,Yes,Yes,Yes,Yes,Yes,Yes,Yes,Yes,Yes,Yes,Yes,Yes,Yes,Yes,Yes,Yes,Yes,Yes,Yes,Yes,Yes,Yes,Yes,Yes,Yes,Yes,Yes,Yes,Yes,Yes,Yes,Yes,Yes,Yes,Yes,Yes,Yes,Yes,Yes,Yes,Yes,Yes,Yes,Yes,Yes,Yes,Yes,Yes,,Yes,Yes,Yes,Yes,Yes,Yes,Yes,Yes,Yes,Yes,Yes,Yes,Yes,Yes,Yes,Yes,Yes,,Yes,Yes,Yes,Yes,Yes,Yes,Yes,Yes,Yes,Yes,Yes,Yes,Yes,Yes,Yes,Yes,Yes,Yes,Yes,Yes,Yes,Yes,Yes,Yes,Yes,Yes,Yes,Yes,Yes,Yes,Yes,Yes,Yes,Yes,Yes,Yes,Yes
Intel® Virtualization Technology (VT-x) ‡,,,,No,No,No,No,No,No,,,,,,,,,,,,,,,,,,,,,,,,,,,,,,,,,,,,,,,,,,,,,,,,,,,,,,,,,,,,,,,,,,,,,,Yes,Yes,Yes,Yes,Yes,Yes,Yes,Yes,Yes,Yes,,,,,,Yes,Yes,Yes,Yes,Yes,Yes,,,,,,,,,,,,,,,Yes,Yes,Yes,Yes,Yes,Yes,Yes,Yes,,,,,,Yes,Yes,Yes,Yes,,,,,,,,,,,,Yes,Yes,Yes,,,Yes,,,,Yes,Yes,,,,,,No,,,,,,Yes,,,,Yes,,,Yes,Yes,Yes,Yes,Yes,Yes,Yes,Yes,Yes,No,Yes,Yes,Yes,Yes,Yes,Yes,Yes,Yes,Yes,Yes,Yes,,Yes,Yes,Yes,Yes,Yes,Yes,Yes,Yes
Intel® Virtualization Technology for Directed I/O (VT-d) ‡,,,,No,No,No,No,No,No,,,,,,,,,,,,,,,,,,,,,,,,,,,,,,,,,,,,,,,,,,,,,,,,,,,,,,,,,,,,,,,,,,,,,,Yes,Yes,Yes,Yes,Yes,Yes,Yes,Yes,Yes,Yes,,,,,,,,,,,,,,,,,,,,,,,,,,,,,,,,Yes,Yes,,,,,,Yes,Yes,Yes,Yes,,,,,,,,,,,,,Yes,Yes,,,,,,,Yes,Yes,,,,,,No,,,,,,Yes,,,,,,,Yes,Yes,Yes,Yes,Yes,Yes,Yes,Yes,Yes,No,,,,,,,,,,,,,Yes,Yes,Yes,Yes,Yes,Yes,Yes,No
Intel® VT-x with Extended Page Tables (EPT) ‡,,,,,,,,,,,,,,,,,,,,,,,,,,,,,,,,,,,,,,,,,,,,,,,,,,,,,,,,,,,,,,,,,,,,,,,,,,,,,,,Yes,Yes,Yes,Yes,Yes,Yes,Yes,Yes,Yes,Yes,,,,,,Yes,Yes,Yes,Yes,Yes,Yes,,,,,,,,,,,,,,,Yes,Yes,Yes,Yes,Yes,Yes,Yes,Yes,,,,,,Yes,Yes,Yes,Yes,,,,,,,,,,,,Yes,Yes,Yes,,,Yes,,,,Yes,Yes,,,,,,,,,,,,,,,,Yes,,,Yes,Yes,Yes,Yes,Yes,Yes,Yes,Yes,Yes,,Yes,Yes,Yes,Yes,Yes,Yes,Yes,Yes,Yes,Yes,Yes,,Yes,Yes,Yes,Yes,Yes,Yes,Yes,
Intel vPro® Eligibility ‡,,,,,,,,,,,,,,,,,,,,,,,,,,,,,,,,,,,,,,,,,,,,,,,,,,,,,,,,,,,,,,,,,,,,,,,,,,,,,,,,,,,,,,,,,,,,,,,,,,,,,,,,,,,,,,,,,,,,,,,,,,,,,,,,,,,,,,,,,,,,,,,Intel vPro® Platform,Intel vPro® Platform,,,,,,,,,,,,,,,,,,,,,,,,,,,,,,,,Intel vPro® Platform,Intel vPro® Platform,,,,,,,,,,,,,,,,,,,,,,,

CPU Specifications
# of Cores,,,,1,1,1,1,1,1,,,,,,,,,,,,,,,,,,,,,,,,,,,,,,,,,,,,,,,,,,,,,,,,,,,,,,,,,,,,,,,,,,,,,,2,2,4,4,4,4,4,4,4,4,,,,,,4,4,4,4,4,4,,,,,,,,,,,,,,,4,4,4,4,4,4,4,4,,,,,,4,4,2,4,,,,,,,,,,,,4,4,4,,,4,,,,4,4,,,,,,1,,,,,,4,,,,4,,,4,4,4,4,4,4,4,4,4,1,4,6,4,6,6,6,8,8,6,8,8,,4,2,4,4,2,1,2,2
Total Threads,,,,1,1,1,1,1,1,,,,,,,,,,,,,,,,,,,,,,,,,,,,,,,,,,,,,,,,,,,,,,,,,,,,,,,,,,,,,,,,,,,,,,2,2,4,4,8,8,8,8,8,8,,,,,,8,8,8,8,8,8,,,,,,,,,,,,,,,8,8,8,8,8,8,8,8,,,,,,4,4,4,8,,,,,,,,,,,,8,8,8,,,8,,,,8,8,,,,,,2,,,,,,8,,,,4,,,4,8,8,8,8,8,8,8,8,2,8,12,8,12,12,12,16,16,,16,16,,8,2,8,4,4,1,4,2
Processor Base Frequency,,,,1.20 GHz,1.20 GHz,1.00 GHz,1.00 GHz,600 MHz,600 MHz,,,,,,,,,,,,,,,,,,,,,,,,,,,,,,,,,,,,,,,,,,,,,,,,,,,,,,,,,,,,,,,,,,,,,,1.86 GHz,2.00 GHz,2.13 GHz,2.26 GHz,2.40 GHz,2.53 GHz,2.66 GHz,2.80 GHz,2.93 GHz,3.20 GHz,,,,,,2.66 GHz,2.93 GHz,3.20 GHz,3.06 GHz,3.20 GHz,3.33 GHz,,,,,,,,,,,,,,,2.66 GHz,2.93 GHz,3.06 GHz,3.20 GHz,3.20 GHz,3.33 GHz,2.26 GHz,2.26 GHz,,,,,,2.00 GHz,2.13 GHz,2.00 GHz,2.13 GHz,,,,,,,,,,,,2.80 GHz,2.93 GHz,2.80 GHz,,,2.80 GHz,,,,3.33 GHz,2.40 GHz,,,,,,1.66 GHz,,,,,,1.46 GHz,,,,2.66 GHz,,,2.40 GHz,2.53 GHz,2.66 GHz,2.80 GHz,2.93 GHz,1.60 GHz,1.73 GHz,2.00 GHz,1.86 GHz,1.83 GHz,1.73 GHz,2.00 GHz,1.87 GHz,1.87 GHz,2.00 GHz,1.87 GHz,1.87 GHz,2.00 GHz,2.67 GHz,2.00 GHz,2.27 GHz,,2.53 GHz,2.27 GHz,2.13 GHz,2.13 GHz,1.73 GHz,1.73 GHz,1.33 GHz,1.06 GHz
Cache,,,,256 KB L2 Cache,256 KB L2 Cache,256 KB L2 Cache,256 KB L2 Cache,256 KB L2 Cache,256 KB L2 Cache,,,,,,,,,,,,,,,,,,,,,,,,,,,,,,,,,,,,,,,,,,,,,,,,,,,,,,,,,,,,,,,,,,,,,,4 MB Intel® Smart Cache,4 MB Intel® Smart Cache,4 MB Intel® Smart Cache,4 MB Intel® Smart Cache,8 MB Intel® Smart Cache,8 MB Intel® Smart Cache,8 MB Intel® Smart Cache,8 MB Intel® Smart Cache,8 MB Intel® Smart Cache,8 MB Intel® Smart Cache,,,,,,8 MB Intel® Smart Cache,8 MB Intel® Smart Cache,8 MB Intel® Smart Cache,8 MB Intel® Smart Cache,8 MB Intel® Smart Cache,8 MB Intel® Smart Cache,,,,,,,,,,,,,,,8 MB Intel® Smart Cache,8 MB Intel® Smart Cache,8 MB Intel® Smart Cache,8 MB Intel® Smart Cache,8 MB Intel® Smart Cache,8 MB Intel® Smart Cache,8 MB Intel® Smart Cache,8 MB Intel® Smart Cache,,,,,,4 MB Intel® Smart Cache,4 MB Intel® Smart Cache,8 MB Intel® Smart Cache,8 MB Intel® Smart Cache,,,,,,,,,,,,8 MB Intel® Smart Cache,8 MB Intel® Smart Cache,8 MB Intel® Smart Cache,,,8 MB Intel® Smart Cache,,,,8 MB Intel® Smart Cache,8 MB Intel® Smart Cache,,,,,,512 KB L2 Cache,,,,,,20 MB L3 Cache,,,,8 MB Intel® Smart Cache,,,8 MB Intel® Smart Cache,8 MB Intel® Smart Cache,8 MB Intel® Smart Cache,8 MB Intel® Smart Cache,8 MB Intel® Smart Cache,6 MB Intel® Smart Cache,8 MB Intel® Smart Cache,8 MB Intel® Smart Cache,8 MB Intel® Smart Cache,512 KB L2 Cache,12 MB L3 Cache,18 MB L3 Cache,18 MB L3 Cache,12 MB L3 Cache,18 MB L3 Cache,18 MB L3 Cache,24 MB L3 Cache,18 MB L3 Cache,18 MB L3 Cache,18 MB L3 Cache,24 MB L3 Cache,,8 MB L3 Cache,4 MB L3 Cache,8 MB L3 Cache,8 MB L3 Cache,4 MB L3 Cache,2 MB L3 Cache,4 MB,2 MB
FSB Parity,,,,No,No,No,No,No,No,,,,,,,,,,,,,,,,,,,,,,,,,,,,,,,,,,,,,,,,,,,,,,,,,,,,,,,,,,,,,,,,,,,,,,,,,,,,,,,,,,,,,,,,,,,,,,,,,,,,,,,,,,,,,,,,,,,,,,,,,,,,,,,,,,,,,,,,,,,,,,,,,,,,,,,,,,,,,,,,,,,,,,,,,,,,,,,,,,,,,,,,,,,,,,,
TDP,,,,21 W,19 W,20 W,18 W,13 W,11 W,,,,,,,,,,,,,,,,,,,,,,,,,,,,,,,,,,,,,,,,,,,,,,,,,,,,,,,,,,,,,,,,,,,,,,80 W,80 W,80 W,80 W,80 W,80 W,95 W,95 W,95 W,130 W,,,,,,130 W,130 W,130 W,130 W,130 W,130 W,,,,,,,,,,,,,,,130 W,130 W,130 W,130 W,130 W,130 W,80 W,60 W,,,,,,80 W,60 W,38 W,60 W,,,,,,,,,,,,130 W,95 W,95 W,,,130 W,,,,130 W,60 W,,,,,,5.5 W,,,,,,155 W,,,,95 W,,,95 W,95 W,95 W,95 W,95 W,45 W,45 W,55 W,45 W,6.5 W,105 W,105 W,95 W,105 W,105 W,95 W,95 W,130 W,130 W,130 W,130 W,,85 W,65 W,60 W,65 W,35 W,23 W,18 W,18 W
Bus Speed,,,,,,,,,,,,,,,,,,,,,,,,,,,,,,,,,,,,,,,,,,,,,,,,,,,,,,,,,,,,,,,,,,,,,,,,,,,,,,,4.8 GT/s,4.8 GT/s,4.8 GT/s,4.8 GT/s,5.86 GT/s,5.86 GT/s,6.4 GT/s,6.4 GT/s,6.4 GT/s,6.4 GT/s,,,,,,4.8 GT/s,4.8 GT/s,6.4 GT/s,4.8 GT/s,4.8 GT/s,6.4 GT/s,,,,,,,,,,,,,,,4.8 GT/s,4.8 GT/s,4.8 GT/s,4.8 GT/s,6.4 GT/s,6.4 GT/s,5.86 GT/s,5.86 GT/s,,,,,,4.8 GT/s,4.8 GT/s,5.86 GT/s,5.86 GT/s,,,,,,,,,,,,4.8 GT/s,2.5 GT/s,2.5 GT/s,,,4.8 GT/s,,,,6.4 GT/s,5.86 GT/s,,,,,,2.5 GT/s,,,,,,4.8 GT/s,,,,2.5 GT/s,,,2.5 GT/s,2.5 GT/s,2.5 GT/s,2.5 GT/s,2.5 GT/s,2.5 GT/s,2.5 GT/s,2.5 GT/s,2.5 GT/s,2.5 GT/s,4.8 GT/s,6.4 GT/s,4.8 GT/s,5.86 GT/s,6.4 GT/s,5.86 GT/s,5.86 GT/s,6.4 GT/s,5.86 GT/s,6.4 GT/s,6.4 GT/s,,5.87 GT/s,5.87 GT/s,4.8 GT/s,2.5 GT/s,2.5 GT/s,2.5 GT/s,2.5 GT/s,2.5 GT/s
# of QPI Links,,,,,,,,,,,,,,,,,,,,,,,,,,,,,,,,,,,,,,,,,,,,,,,,,,,,,,,,,,,,,,,,,,,,,,,,,,,,,,,2,2,2,2,2,2,2,2,2,2,,,,,,1,1,1,1,1,1,,,,,,,,,,,,,,,1,1,1,1,1,1,2,2,,,,,,2,2,2,2,,,,,,,,,,,,1,,,,,1,,,,2,2,,,,,,,,,,,,,,,,,,,,,,,,,,,,,,,,,,,,,,,,,1,1,1,,,,,
Max Turbo Frequency,,,,,,,,,,,,,,,,,,,,,,,,,,,,,,,,,,,,,,,,,,,,,,,,,,,,,,,,,,,,,,,,,,,,,,,,,,,,,,,,,,,2.66 GHz,2.80 GHz,3.06 GHz,3.20 GHz,3.33 GHz,3.46 GHz,,,,,,2.93 GHz,3.20 GHz,3.46 GHz,3.33 GHz,3.46 GHz,3.60 GHz,,,,,,,,,,,,,,,2.93 GHz,3.20 GHz,3.33 GHz,3.46 GHz,3.46 GHz,3.60 GHz,2.53 GHz,2.48 GHz,,,,,,,,2.40 GHz,2.40 GHz,,,,,,,,,,,,3.06 GHz,3.60 GHz,3.46 GHz,,,3.06 GHz,,,,3.60 GHz,2.66 GHz,,,,,,,,,,,,1.60 GHz,,,,3.20 GHz,,,2.80 GHz,2.93 GHz,3.20 GHz,3.46 GHz,3.60 GHz,2.80 GHz,3.06 GHz,3.20 GHz,3.20 GHz,,1.73 GHz,2.27 GHz,1.87 GHz,2.13 GHz,2.27 GHz,2.53 GHz,2.53 GHz,2.40 GHz,2.80 GHz,2.40 GHz,2.67 GHz,,2.93 GHz,,2.53 GHz,,1.87 GHz,,2.40 GHz,

Memory Specifications
Max Memory Size (dependent on memory type),,,,4 GB,4 GB,4 GB,4 GB,4 GB,4 GB,,,,,,,,,,,,,,,,,,,,,,,,,,,,,,,,,,,,,,,,,,,,,,,,,,,,,,,,,,,,,,,,,,,,,,144 GB,144 GB,144 GB,144 GB,144 GB,144 GB,144 GB,144 GB,144 GB,144 GB,,,,,,24 GB,24 GB,24 GB,24 GB,24 GB,24 GB,,,,,,,,,,,,,,,24 GB,24 GB,24 GB,24 GB,24 GB,24 GB,144 GB,144 GB,,,,,,144 GB,144 GB,144 GB,144 GB,,,,,,,,,,,,24 GB,16 GB,16 GB,,,24 GB,,,,144 GB,144 GB,,,,,,2 GB,,,,,,,,,,16 GB,,,32 GB,32 GB,32 GB,32 GB,32 GB,8 GB,8 GB,8 GB,32 GB,2 GB,,,,,,,,,,,,,,,,,,,8.79 GB,8 GB
Memory Types,,,,DDR2 400/533/667/800,DDR2 400/533/667/800,DDR2 400/533/667/800,DDR2 400/533/667/800,DDR2 400/533/667/800,DDR2 400/533/667/800,,,,,,,,,,,,,,,,,,,,,,,,,,,,,,,,,,,,,,,,,,,,,,,,,,,,,,,,,,,,,,,,,,,,,,DDR3 800,DDR3 800,DDR3 800,DDR3 800,DDR3 800/1066,DDR3 800/1066,DDR3 800/1066/1333,DDR3 800/1066/1333,DDR3 800/1066/1333,DDR3 800/1066/1333,,,,,,DDR3 800/1066,DDR3 800/1066,DDR3 800/1066,DDR3 800/1066,DDR3 800/1066,DDR3 800/1066,,,,,,,,,,,,,,,DDR3 800/1066,DDR3 800/1066,DDR3 800/1066,DDR3 800/1066,DDR3 800/1066/1333,DDR3 800/1066/1333,DDR3 800/1066,DDR3 800/1066,,,,,,DDR3 800,DDR3 800,DDR3 800/1066,DDR3 800/1066,,,,,,,,,,,,DDR3 800/1066,DDR3 1066/1333,DDR3 1066/1333,,,DDR3 800/1066,,,,DDR3 800/1066/1333,DDR3 800/1066,,,,,,DDR2 667,,,,,,,,,,DDR3 1066/1333,,,DDR3 800/1066/1333,DDR3 800/1066/1333,DDR3 800/1066/1333,DDR3 800/1066/1333,DDR3 800/1066/1333,DDR3 1066/1333,DDR3 1066/1333,DDR3 1066/1333,DDR3 800/1066/1333,DDR2 667,,,,,,,,,,DDR3 800/978/1066/1333 (Max Speed 1066 MHz),DDR3 800/978/1066/1333 (Max Speed 1066 MHz),,DDR3 800/1066/1333,,,,,,DDR3 800,DDR3 800/1066
Max # of Memory Channels,,,,1,1,1,1,1,1,,,,,,,,,,,,,,,,,,,,,,,,,,,,,,,,,,,,,,,,,,,,,,,,,,,,,,,,,,,,,,,,,,,,,,3,3,3,3,3,3,3,3,3,3,,,,,,3,3,3,3,3,3,,,,,,,,,,,,,,,3,3,3,3,3,3,3,3,,,,,,3,3,3,3,,,,,,,,,,,,3,2,2,,,3,,,,3,3,,,,,,1,,,,,,,,,,2,,,2,2,2,2,2,2,2,2,2,1,,,,,,,,,,,,,3,3,3,3,2,2,2,2
Physical Address Extensions,,,,32-bit,32-bit,32-bit,32-bit,32-bit,32-bit,,,,,,,,,,,,,,,,,,,,,,,,,,,,,,,,,,,,,,,,,,,,,,,,,,,,,,,,,,,,,,,,,,,,,,40-bit,40-bit,40-bit,40-bit,40-bit,40-bit,40-bit,40-bit,40-bit,40-bit,,,,,,36-bit,36-bit,36-bit,36-bit,36-bit,36-bit,,,,,,,,,,,,,,,36-bit,36-bit,36-bit,36-bit,36-bit,36-bit,40-bit,40-bit,,,,,,40-bit,40-bit,40-bit,40-bit,,,,,,,,,,,,36-bit,36-bit,36-bit,,,36-bit,,,,40-bit,40-bit,,,,,,,,,,,,50-bit,,,,36-bit,,,36-bit,36-bit,36-bit,36-bit,36-bit,36-bit,36-bit,36-bit,36-bit,,,,,,,,,,,,,,,,,,,,36-bit,36-bit
ECC Memory Supported   ‡,,,,Yes,Yes,Yes,Yes,Yes,Yes,,,,,,,,,,,,,,,,,,,,,,,,,,,,,,,,,,,,,,,,,,,,,,,,,,,,,,,,,,,,,,,,,,,,,,Yes,Yes,Yes,Yes,Yes,Yes,Yes,Yes,Yes,Yes,,,,,,No,No,No,No,No,No,,,,,,,,,,,,,,,Yes,Yes,Yes,Yes,Yes,Yes,Yes,Yes,,,,,,Yes,Yes,Yes,Yes,,,,,,,,,,,,Yes,No,No,,,No,,,,Yes,Yes,,,,,,,,,,,,,,,,,,,Yes,Yes,Yes,Yes,Yes,No,No,No,Yes,,,,,,,,,,,,,,Yes,Yes,Yes,Yes,Yes,Yes,Yes,Yes
Max Memory Bandwidth,,,,,,,,,,,,,,,,,,,,,,,,,,,,,,,,,,,,,,,,,,,,,,,,,,,,,,,,,,,,,,,,,,,,,,,,,,,,,,,19.2 GB/s,19.2 GB/s,19.2 GB/s,19.2 GB/s,25.6 GB/s,25.6 GB/s,32 GB/s,32 GB/s,32 GB/s,32 GB/s,,,,,,25.6 GB/s,25.6 GB/s,25.6 GB/s,25.6 GB/s,25.6 GB/s,25.6 GB/s,,,,,,,,,,,,,,,25.6 GB/s,25.6 GB/s,25.6 GB/s,25.6 GB/s,32 GB/s,32 GB/s,25.6 GB/s,25.6 GB/s,,,,,,19.2 GB/s,19.2 GB/s,25.6 GB/s,25.6 GB/s,,,,,,,,,,,,25.6 GB/s,21 GB/s,21 GB/s,,,25.6 GB/s,,,,32 GB/s,25.6 GB/s,,,,,,,,,,,,,,,,21 GB/s,,,21 GB/s,21 GB/s,21 GB/s,21 GB/s,21 GB/s,21 GB/s,21 GB/s,21 GB/s,21 GB/s,,,,,,,,,,,,,,,,,,,,12.8 GB/s,17.1 GB/s

GPU Specifications
Intel® Clear Video Technology,,,,No,No,No,No,No,No,,,,,,,,,,,,,,,,,,,,,,,,,,,,,,,,,,,,,,,,,,,,,,,,,,,,,,,,,,,,,,,,,,,,,,,,,,,,,,,,,,,,,,,,,,,,,,,,,,,,,,,,,,,,,,,,,,,,,,,,,,,,,,,,,,,,,,,,,,,,,,,,,,,,,,,,,,,,,,,,,,,,,,,,,,,,,,,,,,,,,,,,,,,,,,Yes,Yes
Macrovision* License Required,,,,No,No,No,No,No,No,,,,,,,,,,,,,,,,,,,,,,,,,,,,,,,,,,,,,,,,,,,,,,,,,,,,,,,,,,,,,,,,,,,,,,,,,,,,,,,,,,,,,,,,,,,,,,,,,,,,,,,,,,,,,,,,,,,,,,,,,,,,,,,,,,,,,,,,,,,,,,,,,,,,,,,,,,,,,,,,,,,,,,,,,,,,,,,,,,,,,,,,,,,,,,No,NO
Graphics Base Frequency,,,,,,,,,,,,,,,,,,,,,,,,,,,,,,,,,,,,,,,,,,,,,,,,,,,,,,,,,,,,,,,,,,,,,,,,,,,,,,,,,,,,,,,,,,,,,,,,,,,,,,,,,,,,,,,,,,,,,,,,,,,,,,,,,,,,,,,,,,,,,,,,,,,,,,,,,,,,,,,,,,,,,,,,,,,,,,,,,,,,200 MHz,,,,,,,,,,,,,,,,,,,166 MHz,166 MHz
Processor Graphics ‡,,,,,,,,,,,,,,,,,,,,,,,,,,,,,,,,,,,,,,,,,,,,,,,,,,,,,,,,,,,,,,,,,,,,,,,,,,,,,,,,,,,,,,,,,,,,,,,,,,,,,,,,,,,,,,,,,,,,,,,,,,,,,,,,,,,,,,,,,,,,,,,,,,,,,,,,,,,,,,,,,,,,,,,,,,,,,,,,,,,,,,,,,,,,,,,,,,,,,,,Intel® HD Graphics for Previous Generation Intel® Processors,Intel® HD Graphics for Previous Generation Intel® Processors
Graphics Max Dynamic Frequency,,,,,,,,,,,,,,,,,,,,,,,,,,,,,,,,,,,,,,,,,,,,,,,,,,,,,,,,,,,,,,,,,,,,,,,,,,,,,,,,,,,,,,,,,,,,,,,,,,,,,,,,,,,,,,,,,,,,,,,,,,,,,,,,,,,,,,,,,,,,,,,,,,,,,,,,,,,,,,,,,,,,,,,,,,,,,,,,,,,,,,,,,,,,,,,,,,,,,,,500 MHz,500 MHz
Intel® Flexible Display Interface (Intel® FDI),,,,,,,,,,,,,,,,,,,,,,,,,,,,,,,,,,,,,,,,,,,,,,,,,,,,,,,,,,,,,,,,,,,,,,,,,,,,,,,,,,,,,,,,,,,,,,,,,,,,,,,,,,,,,,,,,,,,,,,,,,,,,,,,,,,,,,,,,,,,,,,,,,,,,,,,,,,,,,,,,,,,,,,,,,,,,,,,,,,,,,,,,,,,,,,,,,,,,,,Yes,Yes
Intel® Clear Video HD Technology,,,,,,,,,,,,,,,,,,,,,,,,,,,,,,,,,,,,,,,,,,,,,,,,,,,,,,,,,,,,,,,,,,,,,,,,,,,,,,,,,,,,,,,,,,,,,,,,,,,,,,,,,,,,,,,,,,,,,,,,,,,,,,,,,,,,,,,,,,,,,,,,,,,,,,,,,,,,,,,,,,,,,,,,,,,,,,,,,,,,,,,,,,,,,,,,,,,,,,,Yes,No
# of Displays Supported ‡,,,,,,,,,,,,,,,,,,,,,,,,,,,,,,,,,,,,,,,,,,,,,,,,,,,,,,,,,,,,,,,,,,,,,,,,,,,,,,,,,,,,,,,,,,,,,,,,,,,,,,,,,,,,,,,,,,,,,,,,,,,,,,,,,,,,,,,,,,,,,,,,,,,,,,,,,,,,,,,,,,,,,,,,,,,,,,,,,,,,,,,,,,,,,,,,,,,,,,,2,2

Expansion Options
PCI Express Revision,,,,1.1,1.1,1.1,1.1,1.1,1.1,,,,,,,,,,,,,,,,,,,,,,,,,,,,,,,,,,,,,,,,,,,,,,,,,,,,,,,,,,,,,,,,,,,,,,,,,,,,,,,,,,,,,,,,,,,,,,,,,,,,,,,,,,,,,,,,,,,,,,,,,,,,,,,,,,,,,,2.0,2.0,,,,,,,,,,,,,,,,,,,,,,,,2.0,,,2.0,2.0,2.0,2.0,2.0,2,2,2,2.0,,,,,,,,,,,,,,2.0,2.0,2.0,2.0,2.0,2.0,2.0,2.0
PCI Express Configurations ‡,,,,1x8 |  2x4 |  or 2x1,1x8 |  2x4 |  or 2x1,1x8 |  2x4 |  or 2x1,1x8 |  2x4 |  or 2x1,1x8 |  2x4 |  or 2x1,1x8 |  2x4 |  or 2x1,,,,,,,,,,,,,,,,,,,,,,,,,,,,,,,,,,,,,,,,,,,,,,,,,,,,,,,,,,,,,,,,,,,,,,,,,,,,,,,,,,,,,,,,,,,,,,,,,,,,,,,,,,,,,,,,,,,,,,,,,,,,,,,,,,,,,,1x16 |  2x8,1x16 |  2x8,,,,,,,,,,,,,,,,,,,,,,,,1x16 |  2x8,,,1x16 |  2x8 |  4x4,1x16 |  2x8 |  4x4,1x16 |  2x8 |  4x4,1x16 |  2x8 |  4x4,1x16 |  2x8 |  4x4,1x16 |  2x8,1x16 |  2x8,1x16 |  2x8,1x16 |  2x8 |  4x4,,,,,,,,,,,,,,1x16 |  2x8 |  4x4,,,,,,1X16 |  2X8,1x16 |  2x8
Max # of PCI Express Lanes,,,,,,,,,,,,,,,,,,,,,,,,,,,,,,,,,,,,,,,,,,,,,,,,,,,,,,,,,,,,,,,,,,,,,,,,,,,,,,,,,,,,,,,,,,,,,,,,,,,,,,,,,,,,,,,,,,,,,,,,,,,,,,,,,,,,,,,,,,,,,,,16,16,,,,,,,,,,,,,,,,,,,,,,,,16,,,16,16,16,16,16,16,16,16,16,,,,,,,,,,,,,,,,,,,,16,16

I/O Specifications
# of USB Ports,,,,2,2,2,2,2,2,,,,,,,,,,,,,,,,,,,,,,,,,,,,,,,,,,,,,,,,,,,,,,,,,,,,,,,,,,,,,,,,,,,,,,,,,,,,,,,,,,,,,,,,,,,,,,,,,,,,,,,,,,,,,,,,,,,,,,,,,,,,,,,,,,,,,,,,,,,,,,,,,,,,,,,,,,,,,,,,,,,,,,,,,,,,,,,,,,,,,,,,,,,,,,,
USB Revision,,,,2.0,2.0,2.0,2.0,2.0,2.0,,,,,,,,,,,,,,,,,,,,,,,,,,,,,,,,,,,,,,,,,,,,,,,,,,,,,,,,,,,,,,,,,,,,,,,,,,,,,,,,,,,,,,,,,,,,,,,,,,,,,,,,,,,,,,,,,,,,,,,,,,,,,,,,,,,,,,,,,,,,,,,,,,,,,,,,,,,,,,,,,,,,,,,,,,,,,,,,,,,,,,,,,,,,,,,
Total # of SATA Ports,,,,2,2,2,2,2,2,,,,,,,,,,,,,,,,,,,,,,,,,,,,,,,,,,,,,,,,,,,,,,,,,,,,,,,,,,,,,,,,,,,,,,,,,,,,,,,,,,,,,,,,,,,,,,,,,,,,,,,,,,,,,,,,,,,,,,,,,,,,,,,,,,,,,,,,,,,,,,,,,,,,,,,,,,,,,,,,,,,,,,,,,,,,,,,,,,,,,,,,,,,,,,,
Integrated LAN,,,,10/100/1000,10/100/1000,10/100/1000,10/100/1000,10/100/1000,10/100/1000,,,,,,,,,,,,,,,,,,,,,,,,,,,,,,,,,,,,,,,,,,,,,,,,,,,,,,,,,,,,,,,,,,,,,,,,,,,,,,,,,,,,,,,,,,,,,,,,,,,,,,,,,,,,,,,,,,,,,,,,,,,,,,,,,,,,,,,,,,,,,,,,,,,,,,,,,,,,,,,,,,,,,,,,,,,,,,,,,,,,,,,,,,,,,,,
General Purpose IO,,,,36 GPIO,36 GPIO,36 GPIO,36 GPIO,36 GPIO,36 GPIO,,,,,,,,,,,,,,,,,,,,,,,,,,,,,,,,,,,,,,,,,,,,,,,,,,,,,,,,,,,,,,,,,,,,,,,,,,,,,,,,,,,,,,,,,,,,,,,,,,,,,,,,,,,,,,,,,,,,,,,,,,,,,,,,,,,,,,,,,,,,,,,,,,,,,,,,,,,,,,,,,,,,,,,,,,,,,,,,,,,,,,,,,,,,,,,
UART,,,,2,2,2,2,2,2,,,,,,,,,,,,,,,,,,,,,,,,,,,,,,,,,,,,,,,,,,,,,,,,,,,,,,,,,,,,,,,,,,,,,,,,,,,,,,,,,,,,,,,,,,,,,,,,,,,,,,,,,,,,,,,,,,,,,,,,,,,,,,,,,,,,,,,,,,,,,,,,,,,,,,,,,,,,,,,,,,,,,,,,,,,,,,,,,,,,,,,,,,,,,,,
